Exiting due to channel error.
Exiting due to channel error.

(firefox-esr:28026): GLib-GObject-WARNING **: 20:48:47.832: ../../../gobject/gsignal.c:3600: signal name 'load_complete' is invalid for instance '0x7f01ac4a6f50' of type 'MaiAtkType139'
Exiting due to channel error.
Exiting due to channel error.
Exiting due to channel error.
Exiting due to channel error.

(firefox-esr:28795): GLib-GObject-WARNING **: 20:50:09.103: ../../../gobject/gsignal.c:3600: signal name 'load_complete' is invalid for instance '0x7fa62f3914d0' of type 'MaiAtkType139'
Exiting due to channel error.
Exiting due to channel error.
Exiting due to channel error.
Exiting due to channel error.
Exiting due to channel error.
Exiting due to channel error.

(firefox-esr:32788): GLib-GObject-WARNING **: 21:02:26.252: ../../../gobject/gsignal.c:3600: signal name 'load_complete' is invalid for instance '0x7fea663f5f50' of type 'MaiAtkType139'
Exiting due to channel error.
Exiting due to channel error.
Exiting due to channel error.
Exiting due to channel error.
Exiting due to channel error.
Exiting due to channel error.
Exiting due to channel error.
Exiting due to channel error.

(firefox-esr:34216): GLib-GObject-WARNING **: 21:04:11.261: ../../../gobject/gsignal.c:3600: signal name 'load_complete' is invalid for instance '0x7ff1349f93b0' of type 'MaiAtkType139'
Exiting due to channel error.
Exiting due to channel error.
Exiting due to channel error.
Exiting due to channel error.
Exiting due to channel error.
Exiting due to channel error.
Exiting due to channel error.
Exiting due to channel error.
Exiting due to channel error.
1661623660224	geckodriver	INFO	Listening on 127.0.0.1:54715
1661623661644	mozrunner::runner	INFO	Running command: "/bin/firefox-esr" "--marionette" "--remote-debugging-port" "35767" "--remote-allow-hosts" "localhost" "-no-remote" "-profile" "/tmp/rust_mozprofileTiglt1"
1661623664917	Marionette	INFO	Marionette enabled
console.warn: SearchSettings: "get: No settings file exists, new profile?" (new NotFoundError("Could not open the file at /tmp/rust_mozprofileTiglt1/search.json.mozlz4", (void 0)))
console.error: Region.jsm: "Error fetching region" (new TypeError("NetworkError when attempting to fetch resource.", ""))
console.error: Region.jsm: "Failed to fetch region" (new Error("NO_RESULT", "resource://gre/modules/Region.jsm", 419))
DevTools listening on ws://localhost:35767/devtools/browser/07700276-4e2f-43c1-85b3-0d39e6ecdb0b
1661623686598	Marionette	INFO	Listening on port 45271
1661623688359	RemoteAgent	WARN	TLS certificate errors will be ignored for this session
1661623688377	RemoteAgent	INFO	Proxy settings initialised: {"proxyType":"manual","httpProxy":"127.0.0.1:33925","sslProxy":"127.0.0.1:33925"}
1661623712051	Marionette	INFO	Stopped listening on port 45271
JavaScript error: resource:///modules/Interactions.jsm, line 209: NS_ERROR_FAILURE: Component returned failure code: 0x80004005 (NS_ERROR_FAILURE) [nsIUserIdleService.removeIdleObserver]
JavaScript error: chrome://remote/content/marionette/cert.js, line 55: NS_ERROR_NOT_AVAILABLE: Component returned failure code: 0x80040111 (NS_ERROR_NOT_AVAILABLE) [nsICertOverrideService.setDisableAllSecurityChecksAndLetAttackersInterceptMyData]
!!! error running onStopped callback: TypeError: callback is not a function
1661623714451	RemoteAgent	ERROR	unable to stop listener: [Exception... "Component returned failure code: 0x8000ffff (NS_ERROR_UNEXPECTED) [nsIWindowMediator.getEnumerator]"  nsresult: "0x8000ffff (NS_ERROR_UNEXPECTED)"  location: "JS frame :: chrome://remote/content/cdp/observers/TargetObserver.jsm :: stop :: line 64"  data: no] Stack trace: stop()@TargetObserver.jsm:64
unwatchForTabs()@TargetList.jsm:70
unwatchForTargets()@TargetList.jsm:37
destructor()@TargetList.jsm:109
stop()@CDP.jsm:104
close()@RemoteAgent.jsm:138
1661623778593	geckodriver	INFO	Listening on 127.0.0.1:43261
1661623779129	mozrunner::runner	INFO	Running command: "/bin/firefox-esr" "--marionette" "--remote-debugging-port" "36049" "--remote-allow-hosts" "localhost" "-no-remote" "-profile" "/tmp/rust_mozprofileHDMLp5"
1661623781850	Marionette	INFO	Marionette enabled
console.warn: SearchSettings: "get: No settings file exists, new profile?" (new NotFoundError("Could not open the file at /tmp/rust_mozprofileHDMLp5/search.json.mozlz4", (void 0)))
console.error: Region.jsm: "Error fetching region" (new TypeError("NetworkError when attempting to fetch resource.", ""))
console.error: Region.jsm: "Failed to fetch region" (new Error("NO_RESULT", "resource://gre/modules/Region.jsm", 419))
DevTools listening on ws://localhost:36049/devtools/browser/2af9975f-b1ad-4eab-ba5c-fa6139105885
1661623797169	Marionette	INFO	Listening on port 44361
1661623797411	RemoteAgent	WARN	TLS certificate errors will be ignored for this session
1661623797439	RemoteAgent	INFO	Proxy settings initialised: {"proxyType":"manual","httpProxy":"127.0.0.1:44201","sslProxy":"127.0.0.1:44201"}

(firefox-esr:22842): GLib-GObject-WARNING **: 14:10:08.294: ../../../gobject/gsignal.c:3600: signal name 'load_complete' is invalid for instance '0x7f9375146cb0' of type 'MaiAtkType139'

(firefox-esr:22842): GLib-GObject-WARNING **: 14:10:08.294: ../../../gobject/gsignal.c:3600: signal name 'load_complete' is invalid for instance '0x7f9375146d10' of type 'MaiAtkType139'

(firefox-esr:22842): GLib-GObject-WARNING **: 14:10:13.854: ../../../gobject/gsignal.c:3600: signal name 'load_complete' is invalid for instance '0x7f938bfb73b0' of type 'MaiAtkType139'
1661623842668	Marionette	INFO	Stopped listening on port 44361
JavaScript error: resource:///modules/Interactions.jsm, line 209: NS_ERROR_FAILURE: Component returned failure code: 0x80004005 (NS_ERROR_FAILURE) [nsIUserIdleService.removeIdleObserver]
JavaScript error: chrome://remote/content/marionette/cert.js, line 55: NS_ERROR_NOT_AVAILABLE: Component returned failure code: 0x80040111 (NS_ERROR_NOT_AVAILABLE) [nsICertOverrideService.setDisableAllSecurityChecksAndLetAttackersInterceptMyData]
!!! error running onStopped callback: TypeError: callback is not a function
1661623844560	RemoteAgent	ERROR	unable to stop listener: [Exception... "Component returned failure code: 0x8000ffff (NS_ERROR_UNEXPECTED) [nsIWindowMediator.getEnumerator]"  nsresult: "0x8000ffff (NS_ERROR_UNEXPECTED)"  location: "JS frame :: chrome://remote/content/cdp/observers/TargetObserver.jsm :: stop :: line 64"  data: no] Stack trace: stop()@TargetObserver.jsm:64
unwatchForTabs()@TargetList.jsm:70
unwatchForTargets()@TargetList.jsm:37
destructor()@TargetList.jsm:109
stop()@CDP.jsm:104
close()@RemoteAgent.jsm:138
1661626234648	geckodriver	INFO	Listening on 127.0.0.1:59635
1661626235187	mozrunner::runner	INFO	Running command: "/bin/firefox-esr" "--marionette" "--remote-debugging-port" "60823" "--remote-allow-hosts" "localhost" "-no-remote" "-profile" "/tmp/rust_mozprofileERTcoM"
1661626238471	Marionette	INFO	Marionette enabled
console.warn: SearchSettings: "get: No settings file exists, new profile?" (new NotFoundError("Could not open the file at /tmp/rust_mozprofileERTcoM/search.json.mozlz4", (void 0)))
console.error: Region.jsm: "Error fetching region" (new Error("TIMEOUT", "resource://gre/modules/Region.jsm", 772))
console.error: Region.jsm: "Failed to fetch region" (new Error("TIMEOUT", "resource://gre/modules/Region.jsm", 419))
DevTools listening on ws://localhost:60823/devtools/browser/cd25c894-ed6b-44bd-b109-2e263da8db1a
1661626253589	Marionette	INFO	Listening on port 46435
1661626253679	RemoteAgent	WARN	TLS certificate errors will be ignored for this session
1661626253692	RemoteAgent	INFO	Proxy settings initialised: {"proxyType":"manual","httpProxy":"127.0.0.1:33947","sslProxy":"127.0.0.1:33947"}

(firefox-esr:25162): GLib-GObject-WARNING **: 14:51:15.948: ../../../gobject/gsignal.c:3600: signal name 'load_complete' is invalid for instance '0x7f4b9791d050' of type 'MaiAtkType139'

(firefox-esr:25162): GLib-GObject-WARNING **: 14:51:15.948: ../../../gobject/gsignal.c:3600: signal name 'load_complete' is invalid for instance '0x7f4b9791d770' of type 'MaiAtkType139'

(firefox-esr:25162): GLib-GObject-WARNING **: 14:51:20.352: ../../../gobject/gsignal.c:3600: signal name 'load_complete' is invalid for instance '0x7f4b978a8a70' of type 'MaiAtkType139'
console.warn: "Resource  of root-node was not found."
JavaScript error: , line 0: AbortError: The operation was aborted. 

(firefox-esr:25162): GLib-GObject-WARNING **: 14:53:25.601: ../../../gobject/gsignal.c:3600: signal name 'load_complete' is invalid for instance '0x7f4b9f7add10' of type 'MaiAtkType139'
JavaScript warning: resource://gre/modules/Troubleshoot.jsm, line 696: WebGL context was lost.
JavaScript warning: resource://gre/modules/Troubleshoot.jsm, line 696: WebGL context was lost.
1661626779110	Marionette	INFO	Stopped listening on port 46435
JavaScript error: resource:///modules/Interactions.jsm, line 209: NS_ERROR_FAILURE: Component returned failure code: 0x80004005 (NS_ERROR_FAILURE) [nsIUserIdleService.removeIdleObserver]
!!! error running onStopped callback: TypeError: callback is not a function
1661626779731	RemoteAgent	ERROR	unable to stop listener: [Exception... "Component returned failure code: 0x8000ffff (NS_ERROR_UNEXPECTED) [nsIWindowMediator.getEnumerator]"  nsresult: "0x8000ffff (NS_ERROR_UNEXPECTED)"  location: "JS frame :: chrome://remote/content/cdp/observers/TargetObserver.jsm :: stop :: line 64"  data: no] Stack trace: stop()@TargetObserver.jsm:64
unwatchForTabs()@TargetList.jsm:70
unwatchForTargets()@TargetList.jsm:37
destructor()@TargetList.jsm:109
stop()@CDP.jsm:104
close()@RemoteAgent.jsm:138
1661635513719	geckodriver	INFO	Listening on 127.0.0.1:35613
1661635517814	mozrunner::runner	INFO	Running command: "/bin/firefox-esr" "--marionette" "--remote-debugging-port" "40353" "--remote-allow-hosts" "localhost" "-no-remote" "-profile" "/tmp/rust_mozprofileJLPvz2"
1661635534176	Marionette	INFO	Marionette enabled
console.log: WebExtensions: proxy-monitor: started
DevTools listening on ws://localhost:40353/devtools/browser/5794d3a4-09ac-44e4-af43-d504eabf15cf
1661635553097	Marionette	INFO	Listening on port 42709
1661635553428	RemoteAgent	WARN	TLS certificate errors will be ignored for this session
1661635553448	RemoteAgent	INFO	Proxy settings initialised: {"proxyType":"manual","httpProxy":"127.0.0.1:34247","sslProxy":"127.0.0.1:34247"}
console.log: WebExtensions: proxy-monitor: starting proxyInfo rid 7
console.log: WebExtensions: proxy-monitor:   http:127.0.0.1:34247
console.log: WebExtensions: proxy-monitor: pruned proxyInfo rid 7
console.log: WebExtensions: proxy-monitor:   http:127.0.0.1:34247
console.log: WebExtensions: proxy-monitor:   direct::-1
console.log: WebExtensions: proxy-monitor: starting proxyInfo rid 9
console.log: WebExtensions: proxy-monitor:   http:127.0.0.1:34247
console.log: WebExtensions: proxy-monitor: pruned proxyInfo rid 9
console.log: WebExtensions: proxy-monitor:   http:127.0.0.1:34247
console.log: WebExtensions: proxy-monitor:   direct::-1
console.log: WebExtensions: proxy-monitor: starting proxyInfo rid 10
console.log: WebExtensions: proxy-monitor:   http:127.0.0.1:34247
console.log: WebExtensions: proxy-monitor: pruned proxyInfo rid 10
console.log: WebExtensions: proxy-monitor:   http:127.0.0.1:34247
console.log: WebExtensions: proxy-monitor:   direct::-1
console.log: WebExtensions: proxy-monitor: starting proxyInfo rid 11
console.log: WebExtensions: proxy-monitor:   http:127.0.0.1:34247
console.log: WebExtensions: proxy-monitor: pruned proxyInfo rid 11
console.log: WebExtensions: proxy-monitor:   http:127.0.0.1:34247
console.log: WebExtensions: proxy-monitor:   direct::-1
console.log: WebExtensions: proxy-monitor: stopped
console.log: WebExtensions: proxy-monitor: started
JavaScript error: resource://gre/modules/PartitioningExceptionListService.jsm, line 69: NS_ERROR_MALFORMED_URI: Component returned failure code: 0x804b000a (NS_ERROR_MALFORMED_URI) [nsIPartitioningExceptionListObserver.onExceptionListUpdate]
JavaScript error: https://www.mail.com/, line 53: TypeError: window.__tcfapi is not a function
JavaScript error: https://www.mail.com/, line 643: ReferenceError: toast is not defined
JavaScript error: blob:moz-extension://069b3c8a-fc50-4011-a107-86bb4c1dc5db/dcde97ce-d1a0-4595-a747-706018d3202e, line 4: ReferenceError: overrideNavigatorData is not defined
console.log: WebExtensions: proxy-monitor: stopped
1661635612936	Marionette	INFO	Stopped listening on port 42709
JavaScript error: resource:///modules/Interactions.jsm, line 209: NS_ERROR_FAILURE: Component returned failure code: 0x80004005 (NS_ERROR_FAILURE) [nsIUserIdleService.removeIdleObserver]
JavaScript error: chrome://remote/content/marionette/cert.js, line 55: NS_ERROR_NOT_AVAILABLE: Component returned failure code: 0x80040111 (NS_ERROR_NOT_AVAILABLE) [nsICertOverrideService.setDisableAllSecurityChecksAndLetAttackersInterceptMyData]
!!! error running onStopped callback: TypeError: callback is not a function
1661635614372	RemoteAgent	ERROR	unable to stop listener: [Exception... "Component returned failure code: 0x8000ffff (NS_ERROR_UNEXPECTED) [nsIWindowMediator.getEnumerator]"  nsresult: "0x8000ffff (NS_ERROR_UNEXPECTED)"  location: "JS frame :: chrome://remote/content/cdp/observers/TargetObserver.jsm :: stop :: line 64"  data: no] Stack trace: stop()@TargetObserver.jsm:64
unwatchForTabs()@TargetList.jsm:70
unwatchForTargets()@TargetList.jsm:37
destructor()@TargetList.jsm:109
stop()@CDP.jsm:104
close()@RemoteAgent.jsm:138
1661635670419	geckodriver	INFO	Listening on 127.0.0.1:46839
1661635671144	mozrunner::runner	INFO	Running command: "/bin/firefox-esr" "--marionette" "--remote-debugging-port" "55223" "--remote-allow-hosts" "localhost" "-no-remote" "-profile" "/tmp/rust_mozprofile9pqgKJ"

###!!! [Parent][RunMessage] Error: Channel closing: too late to send/recv, messages will be lost

1661635725684	geckodriver	INFO	Listening on 127.0.0.1:59317
1661635726243	mozrunner::runner	INFO	Running command: "/bin/firefox-esr" "--marionette" "--remote-debugging-port" "41453" "--remote-allow-hosts" "localhost" "-no-remote" "-profile" "/tmp/rust_mozprofilejDKhQH"
1661635728776	Marionette	INFO	Marionette enabled
console.warn: SearchSettings: "get: No settings file exists, new profile?" (new NotFoundError("Could not open the file at /tmp/rust_mozprofilejDKhQH/search.json.mozlz4", (void 0)))
DevTools listening on ws://localhost:41453/devtools/browser/bfcc811e-dee1-4d0e-8301-4a0ed2f4111f
1661635741748	Marionette	INFO	Listening on port 34101
1661635741926	RemoteAgent	WARN	TLS certificate errors will be ignored for this session
1661635741952	RemoteAgent	INFO	Proxy settings initialised: {"proxyType":"manual","httpProxy":"127.0.0.1:40953","sslProxy":"127.0.0.1:40953"}
Exiting due to channel error.
Exiting due to channel error.
Exiting due to channel error.
1661635888306	geckodriver	INFO	Listening on 127.0.0.1:50177
1661635888353	mozrunner::runner	INFO	Running command: "/bin/firefox-esr" "--marionette" "--remote-debugging-port" "48991" "--remote-allow-hosts" "localhost" "-no-remote" "-profile" "/tmp/rust_mozprofilelIiSa9"
1661635890560	Marionette	INFO	Marionette enabled
console.warn: SearchSettings: "get: No settings file exists, new profile?" (new NotFoundError("Could not open the file at /tmp/rust_mozprofilelIiSa9/search.json.mozlz4", (void 0)))
DevTools listening on ws://localhost:48991/devtools/browser/b7ff7ef4-6117-4c69-8167-642e915f5a93
1661635903611	Marionette	INFO	Listening on port 33493
1661635903790	RemoteAgent	WARN	TLS certificate errors will be ignored for this session
1661635903810	RemoteAgent	INFO	Proxy settings initialised: {"proxyType":"manual","httpProxy":"127.0.0.1:45859","sslProxy":"127.0.0.1:45859"}
1661635941045	Marionette	INFO	Stopped listening on port 33493
JavaScript error: resource:///modules/Interactions.jsm, line 209: NS_ERROR_FAILURE: Component returned failure code: 0x80004005 (NS_ERROR_FAILURE) [nsIUserIdleService.removeIdleObserver]
!!! error running onStopped callback: TypeError: callback is not a function
JavaScript error: chrome://remote/content/marionette/cert.js, line 55: NS_ERROR_NOT_AVAILABLE: Component returned failure code: 0x80040111 (NS_ERROR_NOT_AVAILABLE) [nsICertOverrideService.setDisableAllSecurityChecksAndLetAttackersInterceptMyData]
1661635942464	RemoteAgent	ERROR	unable to stop listener: [Exception... "Component returned failure code: 0x8000ffff (NS_ERROR_UNEXPECTED) [nsIWindowMediator.getEnumerator]"  nsresult: "0x8000ffff (NS_ERROR_UNEXPECTED)"  location: "JS frame :: chrome://remote/content/cdp/observers/TargetObserver.jsm :: stop :: line 64"  data: no] Stack trace: stop()@TargetObserver.jsm:64
unwatchForTabs()@TargetList.jsm:70
unwatchForTargets()@TargetList.jsm:37
destructor()@TargetList.jsm:109
stop()@CDP.jsm:104
close()@RemoteAgent.jsm:138
1661635959625	geckodriver	INFO	Listening on 127.0.0.1:43287
1661635960153	mozrunner::runner	INFO	Running command: "/bin/firefox-esr" "--marionette" "--remote-debugging-port" "34443" "--remote-allow-hosts" "localhost" "-no-remote" "-profile" "/tmp/rust_mozprofilef3qDUA"
1661635962500	Marionette	INFO	Marionette enabled
console.warn: SearchSettings: "get: No settings file exists, new profile?" (new NotFoundError("Could not open the file at /tmp/rust_mozprofilef3qDUA/search.json.mozlz4", (void 0)))
DevTools listening on ws://localhost:34443/devtools/browser/ac54a8fe-6584-4a01-b2cd-621aea1ea99c
1661635974721	Marionette	INFO	Listening on port 33711
1661635974815	RemoteAgent	WARN	TLS certificate errors will be ignored for this session
1661635974825	RemoteAgent	INFO	Proxy settings initialised: {"proxyType":"manual","httpProxy":"127.0.0.1:41555","sslProxy":"127.0.0.1:41555"}
Exiting due to channel error.
Exiting due to channel error.
Exiting due to channel error.
1661636006103	geckodriver	INFO	Listening on 127.0.0.1:46335
1661636006649	mozrunner::runner	INFO	Running command: "/bin/firefox-esr" "--marionette" "--remote-debugging-port" "39015" "--remote-allow-hosts" "localhost" "-no-remote" "-profile" "/tmp/rust_mozprofile5gVvVt"
1661636009629	Marionette	INFO	Marionette enabled
console.warn: SearchSettings: "get: No settings file exists, new profile?" (new NotFoundError("Could not open the file at /tmp/rust_mozprofile5gVvVt/search.json.mozlz4", (void 0)))
DevTools listening on ws://localhost:39015/devtools/browser/bd6f0d09-3fdb-48ff-a1b9-7766017d778a
1661636026399	Marionette	INFO	Listening on port 39335
1661636026707	RemoteAgent	WARN	TLS certificate errors will be ignored for this session
1661636026745	RemoteAgent	INFO	Proxy settings initialised: {"proxyType":"manual","httpProxy":"127.0.0.1:46865","sslProxy":"127.0.0.1:46865"}
1661636102101	Marionette	INFO	Stopped listening on port 39335
JavaScript error: resource:///modules/Interactions.jsm, line 209: NS_ERROR_FAILURE: Component returned failure code: 0x80004005 (NS_ERROR_FAILURE) [nsIUserIdleService.removeIdleObserver]
JavaScript error: chrome://remote/content/marionette/cert.js, line 55: NS_ERROR_NOT_AVAILABLE: Component returned failure code: 0x80040111 (NS_ERROR_NOT_AVAILABLE) [nsICertOverrideService.setDisableAllSecurityChecksAndLetAttackersInterceptMyData]
!!! error running onStopped callback: TypeError: callback is not a function
1661636103836	RemoteAgent	ERROR	unable to stop listener: [Exception... "Component returned failure code: 0x8000ffff (NS_ERROR_UNEXPECTED) [nsIWindowMediator.getEnumerator]"  nsresult: "0x8000ffff (NS_ERROR_UNEXPECTED)"  location: "JS frame :: chrome://remote/content/cdp/observers/TargetObserver.jsm :: stop :: line 64"  data: no] Stack trace: stop()@TargetObserver.jsm:64
unwatchForTabs()@TargetList.jsm:70
unwatchForTargets()@TargetList.jsm:37
destructor()@TargetList.jsm:109
stop()@CDP.jsm:104
close()@RemoteAgent.jsm:138
1661636121803	geckodriver	INFO	Listening on 127.0.0.1:59873
1661636122337	mozrunner::runner	INFO	Running command: "/bin/firefox-esr" "--marionette" "--remote-debugging-port" "59839" "--remote-allow-hosts" "localhost" "-no-remote" "-profile" "/tmp/rust_mozprofileKxYmrO"
1661636124913	Marionette	INFO	Marionette enabled
console.warn: SearchSettings: "get: No settings file exists, new profile?" (new NotFoundError("Could not open the file at /tmp/rust_mozprofileKxYmrO/search.json.mozlz4", (void 0)))
DevTools listening on ws://localhost:59839/devtools/browser/69455e1d-9ff8-4092-97fa-1ad1791a1ec3
1661636137420	Marionette	INFO	Listening on port 38025
1661636137662	RemoteAgent	WARN	TLS certificate errors will be ignored for this session
1661636137680	RemoteAgent	INFO	Proxy settings initialised: {"proxyType":"manual","httpProxy":"127.0.0.1:33567","sslProxy":"127.0.0.1:33567"}
1661636155093	Marionette	INFO	Stopped listening on port 38025
JavaScript error: resource:///modules/Interactions.jsm, line 209: NS_ERROR_FAILURE: Component returned failure code: 0x80004005 (NS_ERROR_FAILURE) [nsIUserIdleService.removeIdleObserver]
!!! error running onStopped callback: TypeError: callback is not a function
JavaScript error: chrome://remote/content/marionette/cert.js, line 55: NS_ERROR_NOT_AVAILABLE: Component returned failure code: 0x80040111 (NS_ERROR_NOT_AVAILABLE) [nsICertOverrideService.setDisableAllSecurityChecksAndLetAttackersInterceptMyData]
1661636156858	RemoteAgent	ERROR	unable to stop listener: [Exception... "Component returned failure code: 0x8000ffff (NS_ERROR_UNEXPECTED) [nsIWindowMediator.getEnumerator]"  nsresult: "0x8000ffff (NS_ERROR_UNEXPECTED)"  location: "JS frame :: chrome://remote/content/cdp/observers/TargetObserver.jsm :: stop :: line 64"  data: no] Stack trace: stop()@TargetObserver.jsm:64
unwatchForTabs()@TargetList.jsm:70
unwatchForTargets()@TargetList.jsm:37
destructor()@TargetList.jsm:109
stop()@CDP.jsm:104
close()@RemoteAgent.jsm:138
1661636251359	geckodriver	INFO	Listening on 127.0.0.1:35963
1661636251536	mozrunner::runner	INFO	Running command: "/bin/firefox" "--marionette" "--remote-debugging-port" "55635" "--remote-allow-hosts" "localhost" "-no-remote" "-profile" "/tmp/rust_mozprofilewUmRCr"
1661636252733	Marionette	INFO	Marionette enabled
console.warn: SearchSettings: "get: No settings file exists, new profile?" (new NotFoundError("Could not open the file at /tmp/rust_mozprofilewUmRCr/search.json.mozlz4", (void 0)))
DevTools listening on ws://localhost:55635/devtools/browser/a0d8121d-a1e4-4d27-add0-205ce87ef75a
1661636258814	Marionette	INFO	Listening on port 39821
1661636258974	RemoteAgent	WARN	TLS certificate errors will be ignored for this session
1661636258983	RemoteAgent	INFO	Proxy settings initialised: {"proxyType":"manual","httpProxy":"127.0.0.1:39315","sslProxy":"127.0.0.1:39315"}
1661636432468	Marionette	INFO	Stopped listening on port 39821
JavaScript error: resource:///modules/Interactions.jsm, line 209: NS_ERROR_FAILURE: Component returned failure code: 0x80004005 (NS_ERROR_FAILURE) [nsIUserIdleService.removeIdleObserver]
JavaScript error: chrome://remote/content/marionette/cert.js, line 55: NS_ERROR_NOT_AVAILABLE: Component returned failure code: 0x80040111 (NS_ERROR_NOT_AVAILABLE) [nsICertOverrideService.setDisableAllSecurityChecksAndLetAttackersInterceptMyData]
!!! error running onStopped callback: TypeError: callback is not a function

###!!! [Parent][RunMessage] Error: Channel closing: too late to send/recv, messages will be lost

1661636433064	RemoteAgent	ERROR	unable to stop listener: [Exception... "Component returned failure code: 0x8000ffff (NS_ERROR_UNEXPECTED) [nsIWindowMediator.getEnumerator]"  nsresult: "0x8000ffff (NS_ERROR_UNEXPECTED)"  location: "JS frame :: chrome://remote/content/cdp/observers/TargetObserver.jsm :: stop :: line 64"  data: no] Stack trace: stop()@TargetObserver.jsm:64
unwatchForTabs()@TargetList.jsm:70
unwatchForTargets()@TargetList.jsm:37
destructor()@TargetList.jsm:109
stop()@CDP.jsm:104
close()@RemoteAgent.jsm:138
1661636441246	geckodriver	INFO	Listening on 127.0.0.1:49667
1661636441400	mozrunner::runner	INFO	Running command: "/bin/firefox" "--marionette" "--remote-debugging-port" "36391" "--remote-allow-hosts" "localhost" "-no-remote" "-profile" "/tmp/rust_mozprofileZU2HXC"
1661636442689	Marionette	INFO	Marionette enabled
console.warn: SearchSettings: "get: No settings file exists, new profile?" (new NotFoundError("Could not open the file at /tmp/rust_mozprofileZU2HXC/search.json.mozlz4", (void 0)))
DevTools listening on ws://localhost:36391/devtools/browser/c1b2f96e-6a66-49be-8677-2fa9519626a3
1661636449139	Marionette	INFO	Listening on port 39485
1661636449272	RemoteAgent	WARN	TLS certificate errors will be ignored for this session
1661636449283	RemoteAgent	INFO	Proxy settings initialised: {"proxyType":"manual","httpProxy":"127.0.0.1:42965","sslProxy":"127.0.0.1:42965"}
Exiting due to channel error.
Exiting due to channel error.
Exiting due to channel error.
1661636482375	geckodriver	INFO	Listening on 127.0.0.1:45497
1661636483050	mozrunner::runner	INFO	Running command: "/bin/firefox" "--marionette" "--remote-debugging-port" "39967" "--remote-allow-hosts" "localhost" "-no-remote" "-profile" "/tmp/rust_mozprofilehWEOge"
1661636485361	Marionette	INFO	Marionette enabled
console.warn: SearchSettings: "get: No settings file exists, new profile?" (new NotFoundError("Could not open the file at /tmp/rust_mozprofilehWEOge/search.json.mozlz4", (void 0)))
DevTools listening on ws://localhost:39967/devtools/browser/882d79e1-0052-431c-8604-f2746f548115
1661636497858	Marionette	INFO	Listening on port 44719
1661636498113	RemoteAgent	WARN	TLS certificate errors will be ignored for this session
1661636498134	RemoteAgent	INFO	Proxy settings initialised: {"proxyType":"manual","httpProxy":"127.0.0.1:45943","sslProxy":"127.0.0.1:45943"}
1661636525266	Marionette	INFO	Stopped listening on port 44719
JavaScript error: resource:///modules/Interactions.jsm, line 209: NS_ERROR_FAILURE: Component returned failure code: 0x80004005 (NS_ERROR_FAILURE) [nsIUserIdleService.removeIdleObserver]
JavaScript error: chrome://remote/content/marionette/cert.js, line 55: NS_ERROR_NOT_AVAILABLE: Component returned failure code: 0x80040111 (NS_ERROR_NOT_AVAILABLE) [nsICertOverrideService.setDisableAllSecurityChecksAndLetAttackersInterceptMyData]
!!! error running onStopped callback: TypeError: callback is not a function

###!!! [Parent][RunMessage] Error: Channel closing: too late to send/recv, messages will be lost

1661636526503	RemoteAgent	ERROR	unable to stop listener: [Exception... "Component returned failure code: 0x8000ffff (NS_ERROR_UNEXPECTED) [nsIWindowMediator.getEnumerator]"  nsresult: "0x8000ffff (NS_ERROR_UNEXPECTED)"  location: "JS frame :: chrome://remote/content/cdp/observers/TargetObserver.jsm :: stop :: line 64"  data: no] Stack trace: stop()@TargetObserver.jsm:64
unwatchForTabs()@TargetList.jsm:70
unwatchForTargets()@TargetList.jsm:37
destructor()@TargetList.jsm:109
stop()@CDP.jsm:104
close()@RemoteAgent.jsm:138
1661636568112	geckodriver	INFO	Listening on 127.0.0.1:34421
1661636568804	mozrunner::runner	INFO	Running command: "/bin/firefox" "--marionette" "--remote-debugging-port" "55665" "--remote-allow-hosts" "localhost" "-no-remote" "-profile" "/tmp/rust_mozprofileYHF2jt"
1661636570810	Marionette	INFO	Marionette enabled
console.warn: SearchSettings: "get: No settings file exists, new profile?" (new NotFoundError("Could not open the file at /tmp/rust_mozprofileYHF2jt/search.json.mozlz4", (void 0)))
DevTools listening on ws://localhost:55665/devtools/browser/a56fbfff-e166-4b70-91ef-97086766cae9
1661636582365	Marionette	INFO	Listening on port 46243
1661636582529	RemoteAgent	WARN	TLS certificate errors will be ignored for this session
1661636582543	RemoteAgent	INFO	Proxy settings initialised: {"proxyType":"manual","httpProxy":"127.0.0.1:33061","sslProxy":"127.0.0.1:33061"}
1661636609137	Marionette	INFO	Stopped listening on port 46243
JavaScript error: resource:///modules/Interactions.jsm, line 209: NS_ERROR_FAILURE: Component returned failure code: 0x80004005 (NS_ERROR_FAILURE) [nsIUserIdleService.removeIdleObserver]
!!! error running onStopped callback: TypeError: callback is not a function
JavaScript error: chrome://remote/content/marionette/cert.js, line 55: NS_ERROR_NOT_AVAILABLE: Component returned failure code: 0x80040111 (NS_ERROR_NOT_AVAILABLE) [nsICertOverrideService.setDisableAllSecurityChecksAndLetAttackersInterceptMyData]
1661636610614	RemoteAgent	ERROR	unable to stop listener: [Exception... "Component returned failure code: 0x8000ffff (NS_ERROR_UNEXPECTED) [nsIWindowMediator.getEnumerator]"  nsresult: "0x8000ffff (NS_ERROR_UNEXPECTED)"  location: "JS frame :: chrome://remote/content/cdp/observers/TargetObserver.jsm :: stop :: line 64"  data: no] Stack trace: stop()@TargetObserver.jsm:64
unwatchForTabs()@TargetList.jsm:70
unwatchForTargets()@TargetList.jsm:37
destructor()@TargetList.jsm:109
stop()@CDP.jsm:104
close()@RemoteAgent.jsm:138
1661636623598	geckodriver	INFO	Listening on 127.0.0.1:55157
1661636624306	mozrunner::runner	INFO	Running command: "/bin/firefox" "--marionette" "--remote-debugging-port" "45585" "--remote-allow-hosts" "localhost" "-no-remote" "-profile" "/tmp/rust_mozprofile3kNA5x"
1661636626332	Marionette	INFO	Marionette enabled
console.warn: SearchSettings: "get: No settings file exists, new profile?" (new NotFoundError("Could not open the file at /tmp/rust_mozprofile3kNA5x/search.json.mozlz4", (void 0)))
DevTools listening on ws://localhost:45585/devtools/browser/272af7df-0b68-4dc2-a7b0-035081944816
1661636636866	Marionette	INFO	Listening on port 37387
1661636637093	RemoteAgent	WARN	TLS certificate errors will be ignored for this session
1661636637107	RemoteAgent	INFO	Proxy settings initialised: {"proxyType":"manual","httpProxy":"127.0.0.1:35019","sslProxy":"127.0.0.1:35019"}
1661636650858	Marionette	INFO	Stopped listening on port 37387
JavaScript error: resource:///modules/Interactions.jsm, line 209: NS_ERROR_FAILURE: Component returned failure code: 0x80004005 (NS_ERROR_FAILURE) [nsIUserIdleService.removeIdleObserver]
!!! error running onStopped callback: TypeError: callback is not a function
JavaScript error: chrome://remote/content/marionette/cert.js, line 55: NS_ERROR_NOT_AVAILABLE: Component returned failure code: 0x80040111 (NS_ERROR_NOT_AVAILABLE) [nsICertOverrideService.setDisableAllSecurityChecksAndLetAttackersInterceptMyData]
1661636653428	RemoteAgent	ERROR	unable to stop listener: [Exception... "Component returned failure code: 0x8000ffff (NS_ERROR_UNEXPECTED) [nsIWindowMediator.getEnumerator]"  nsresult: "0x8000ffff (NS_ERROR_UNEXPECTED)"  location: "JS frame :: chrome://remote/content/cdp/observers/TargetObserver.jsm :: stop :: line 64"  data: no] Stack trace: stop()@TargetObserver.jsm:64
unwatchForTabs()@TargetList.jsm:70
unwatchForTargets()@TargetList.jsm:37
destructor()@TargetList.jsm:109
stop()@CDP.jsm:104
close()@RemoteAgent.jsm:138
1661636671037	geckodriver	INFO	Listening on 127.0.0.1:40779
1661636671108	mozrunner::runner	INFO	Running command: "/opt/firefox/firefox" "--marionette" "--remote-debugging-port" "43101" "--remote-allow-hosts" "localhost" "-no-remote" "-profile" "/tmp/rust_mozprofileqUdyol"
1661636687134	Marionette	INFO	Marionette enabled
1661636687201	Marionette	INFO	Listening on port 37281
WebDriver BiDi listening on ws://localhost:43101
Read port: 37281
Read port: 37281
1661636688652	RemoteAgent	WARN	TLS certificate errors will be ignored for this session
1661636688792	RemoteAgent	INFO	Proxy settings initialised: {"proxyType":"manual","httpProxy":"127.0.0.1:43789","sslProxy":"127.0.0.1:43789"}
console.warn: SearchSettings: "get: No settings file exists, new profile?" (new NotFoundError("Could not open the file at /tmp/rust_mozprofileqUdyol/search.json.mozlz4", (void 0)))
DevTools listening on ws://localhost:43101/devtools/browser/0d481e40-a0d5-4304-a47b-39de5fd5f81a
1661636730352	Marionette	INFO	Stopped listening on port 37281
console.warn: TopSitesFeed: Failed to fetch data from Contile server: NetworkError when attempting to fetch resource.
1661636755577	geckodriver	INFO	Listening on 127.0.0.1:37903
1661636755594	mozrunner::runner	INFO	Running command: "/opt/firefox/firefox" "--marionette" "--remote-debugging-port" "38281" "--remote-allow-hosts" "localhost" "-no-remote" "-profile" "/tmp/rust_mozprofileHfEwEV"
1661636758424	Marionette	INFO	Marionette enabled
1661636758436	Marionette	INFO	Listening on port 41099
WebDriver BiDi listening on ws://localhost:38281
Read port: 41099
1661636758926	RemoteAgent	WARN	TLS certificate errors will be ignored for this session
1661636759000	RemoteAgent	INFO	Proxy settings initialised: {"proxyType":"manual","httpProxy":"127.0.0.1:42773","sslProxy":"127.0.0.1:42773"}
console.warn: SearchSettings: "get: No settings file exists, new profile?" (new NotFoundError("Could not open the file at /tmp/rust_mozprofileHfEwEV/search.json.mozlz4", (void 0)))
DevTools listening on ws://localhost:38281/devtools/browser/1e0b34c4-583d-44c4-8473-ae4693fb019b
1661636787138	Marionette	INFO	Stopped listening on port 41099
console.warn: TopSitesFeed: Failed to fetch data from Contile server: NetworkError when attempting to fetch resource.
1661636882118	geckodriver	INFO	Listening on 127.0.0.1:59125
1661636882162	mozrunner::runner	INFO	Running command: "/bin/firefox-esr" "--marionette" "--remote-debugging-port" "52569" "--remote-allow-hosts" "localhost" "-no-remote" "-profile" "/tmp/rust_mozprofile8naxbv"
1661636884479	Marionette	INFO	Marionette enabled
console.warn: SearchSettings: "get: No settings file exists, new profile?" (new NotFoundError("Could not open the file at /tmp/rust_mozprofile8naxbv/search.json.mozlz4", (void 0)))
DevTools listening on ws://localhost:52569/devtools/browser/e5719e87-7de8-4dba-b79c-712c5b797f95
1661636895753	Marionette	INFO	Listening on port 41647
1661636895990	RemoteAgent	WARN	TLS certificate errors will be ignored for this session
1661636896012	RemoteAgent	INFO	Proxy settings initialised: {"proxyType":"manual","httpProxy":"127.0.0.1:33899","sslProxy":"127.0.0.1:33899"}

(firefox-esr:16194): GLib-GObject-WARNING **: 17:49:12.369: ../../../gobject/gsignal.c:3600: signal name 'load_complete' is invalid for instance '0x7f5864392110' of type 'MaiAtkType1'

(firefox-esr:16194): GLib-GObject-WARNING **: 17:49:12.369: ../../../gobject/gsignal.c:3600: signal name 'load_complete' is invalid for instance '0x7f5864392470' of type 'MaiAtkType21'
1661636956372	Marionette	INFO	Stopped listening on port 41647
JavaScript error: resource:///modules/Interactions.jsm, line 209: NS_ERROR_FAILURE: Component returned failure code: 0x80004005 (NS_ERROR_FAILURE) [nsIUserIdleService.removeIdleObserver]
JavaScript error: chrome://remote/content/marionette/cert.js, line 55: NS_ERROR_NOT_AVAILABLE: Component returned failure code: 0x80040111 (NS_ERROR_NOT_AVAILABLE) [nsICertOverrideService.setDisableAllSecurityChecksAndLetAttackersInterceptMyData]
!!! error running onStopped callback: TypeError: callback is not a function
1661636958355	RemoteAgent	ERROR	unable to stop listener: [Exception... "Component returned failure code: 0x8000ffff (NS_ERROR_UNEXPECTED) [nsIWindowMediator.getEnumerator]"  nsresult: "0x8000ffff (NS_ERROR_UNEXPECTED)"  location: "JS frame :: chrome://remote/content/cdp/observers/TargetObserver.jsm :: stop :: line 64"  data: no] Stack trace: stop()@TargetObserver.jsm:64
unwatchForTabs()@TargetList.jsm:70
unwatchForTargets()@TargetList.jsm:37
destructor()@TargetList.jsm:109
stop()@CDP.jsm:104
close()@RemoteAgent.jsm:138
1661637284372	geckodriver	INFO	Listening on 127.0.0.1:56841
1661637284392	mozrunner::runner	INFO	Running command: "/bin/firefox-esr" "--marionette" "--remote-debugging-port" "43257" "--remote-allow-hosts" "localhost" "-no-remote" "-profile" "/tmp/rust_mozprofileHLLvX0"
1661637287491	Marionette	INFO	Marionette enabled
console.warn: SearchSettings: "get: No settings file exists, new profile?" (new NotFoundError("Could not open the file at /tmp/rust_mozprofileHLLvX0/search.json.mozlz4", (void 0)))
DevTools listening on ws://localhost:43257/devtools/browser/ac30a092-b51f-4c92-ab29-e5999db6d318
1661637297286	Marionette	INFO	Listening on port 46449
1661637297449	RemoteAgent	WARN	TLS certificate errors will be ignored for this session

(firefox-esr:18355): GLib-GObject-WARNING **: 17:56:14.530: ../../../gobject/gsignal.c:3600: signal name 'load_complete' is invalid for instance '0x7f5f1e9fae90' of type 'MaiAtkType139'

(firefox-esr:18355): GLib-GObject-WARNING **: 17:56:14.530: ../../../gobject/gsignal.c:3600: signal name 'load_complete' is invalid for instance '0x7f5f1e9fafb0' of type 'MaiAtkType139'

(firefox-esr:18355): GLib-GObject-WARNING **: 17:56:16.488: ../../../gobject/gsignal.c:3600: signal name 'load_complete' is invalid for instance '0x7f5f1e6664d0' of type 'MaiAtkType139'
1661637414591	Marionette	INFO	Stopped listening on port 46449
JavaScript error: resource:///modules/Interactions.jsm, line 209: NS_ERROR_FAILURE: Component returned failure code: 0x80004005 (NS_ERROR_FAILURE) [nsIUserIdleService.removeIdleObserver]
JavaScript error: , line 0: AbortError: The operation was aborted. 
JavaScript error: chrome://remote/content/marionette/cert.js, line 55: NS_ERROR_NOT_AVAILABLE: Component returned failure code: 0x80040111 (NS_ERROR_NOT_AVAILABLE) [nsICertOverrideService.setDisableAllSecurityChecksAndLetAttackersInterceptMyData]
!!! error running onStopped callback: TypeError: callback is not a function
1661637417060	RemoteAgent	ERROR	unable to stop listener: [Exception... "Component returned failure code: 0x8000ffff (NS_ERROR_UNEXPECTED) [nsIWindowMediator.getEnumerator]"  nsresult: "0x8000ffff (NS_ERROR_UNEXPECTED)"  location: "JS frame :: chrome://remote/content/cdp/observers/TargetObserver.jsm :: stop :: line 64"  data: no] Stack trace: stop()@TargetObserver.jsm:64
unwatchForTabs()@TargetList.jsm:70
unwatchForTargets()@TargetList.jsm:37
destructor()@TargetList.jsm:109
stop()@CDP.jsm:104
close()@RemoteAgent.jsm:138
1661637578737	geckodriver	INFO	Listening on 127.0.0.1:39659
1661637579322	mozrunner::runner	INFO	Running command: "/bin/firefox-esr" "--marionette" "--remote-debugging-port" "41753" "--remote-allow-hosts" "localhost" "-no-remote" "-profile" "/tmp/rust_mozprofileZCXk2t"
1661637582480	Marionette	INFO	Marionette enabled
console.warn: SearchSettings: "get: No settings file exists, new profile?" (new NotFoundError("Could not open the file at /tmp/rust_mozprofileZCXk2t/search.json.mozlz4", (void 0)))
DevTools listening on ws://localhost:41753/devtools/browser/16439301-81d0-4257-9a07-59e9b1afca62
1661637593995	Marionette	INFO	Listening on port 34701
1661637594196	RemoteAgent	WARN	TLS certificate errors will be ignored for this session
1661637594214	RemoteAgent	INFO	Proxy settings initialised: {"proxyType":"manual","httpProxy":"127.0.0.1:39935","sslProxy":"127.0.0.1:39935"}
1661638800119	Marionette	INFO	Stopped listening on port 34701
JavaScript error: resource:///modules/Interactions.jsm, line 209: NS_ERROR_FAILURE: Component returned failure code: 0x80004005 (NS_ERROR_FAILURE) [nsIUserIdleService.removeIdleObserver]
JavaScript error: chrome://remote/content/marionette/cert.js, line 55: NS_ERROR_NOT_AVAILABLE: Component returned failure code: 0x80040111 (NS_ERROR_NOT_AVAILABLE) [nsICertOverrideService.setDisableAllSecurityChecksAndLetAttackersInterceptMyData]
!!! error running onStopped callback: TypeError: callback is not a function
1661638800677	RemoteAgent	ERROR	unable to stop listener: [Exception... "Component returned failure code: 0x8000ffff (NS_ERROR_UNEXPECTED) [nsIWindowMediator.getEnumerator]"  nsresult: "0x8000ffff (NS_ERROR_UNEXPECTED)"  location: "JS frame :: chrome://remote/content/cdp/observers/TargetObserver.jsm :: stop :: line 64"  data: no] Stack trace: stop()@TargetObserver.jsm:64
unwatchForTabs()@TargetList.jsm:70
unwatchForTargets()@TargetList.jsm:37
destructor()@TargetList.jsm:109
stop()@CDP.jsm:104
close()@RemoteAgent.jsm:138
1661638854682	geckodriver	INFO	Listening on 127.0.0.1:54677
1661638854733	mozrunner::runner	INFO	Running command: "/bin/firefox-esr" "--marionette" "--remote-debugging-port" "55839" "--remote-allow-hosts" "localhost" "-no-remote" "-profile" "/tmp/rust_mozprofileuhIUPr"
1661638857021	Marionette	INFO	Marionette enabled
console.warn: SearchSettings: "get: No settings file exists, new profile?" (new NotFoundError("Could not open the file at /tmp/rust_mozprofileuhIUPr/search.json.mozlz4", (void 0)))
DevTools listening on ws://localhost:55839/devtools/browser/6b369cc5-7bfb-4f73-b773-aa509ea9d6a4
console.error: Region.jsm: "Error fetching region" (new Error("TIMEOUT", "resource://gre/modules/Region.jsm", 772))
console.error: Region.jsm: "Failed to fetch region" (new Error("TIMEOUT", "resource://gre/modules/Region.jsm", 419))
1661638868547	Marionette	INFO	Listening on port 42715
1661638868825	RemoteAgent	WARN	TLS certificate errors will be ignored for this session
1661638868856	RemoteAgent	INFO	Proxy settings initialised: {"proxyType":"manual","httpProxy":"127.0.0.1:35885","sslProxy":"127.0.0.1:35885"}
1661638893338	Marionette	INFO	Stopped listening on port 42715
JavaScript error: resource:///modules/Interactions.jsm, line 209: NS_ERROR_FAILURE: Component returned failure code: 0x80004005 (NS_ERROR_FAILURE) [nsIUserIdleService.removeIdleObserver]
JavaScript error: chrome://remote/content/marionette/cert.js, line 55: NS_ERROR_NOT_AVAILABLE: Component returned failure code: 0x80040111 (NS_ERROR_NOT_AVAILABLE) [nsICertOverrideService.setDisableAllSecurityChecksAndLetAttackersInterceptMyData]
!!! error running onStopped callback: TypeError: callback is not a function

###!!! [Parent][RunMessage] Error: Channel closing: too late to send/recv, messages will be lost

1661638895087	RemoteAgent	ERROR	unable to stop listener: [Exception... "Component returned failure code: 0x8000ffff (NS_ERROR_UNEXPECTED) [nsIWindowMediator.getEnumerator]"  nsresult: "0x8000ffff (NS_ERROR_UNEXPECTED)"  location: "JS frame :: chrome://remote/content/cdp/observers/TargetObserver.jsm :: stop :: line 64"  data: no] Stack trace: stop()@TargetObserver.jsm:64
unwatchForTabs()@TargetList.jsm:70
unwatchForTargets()@TargetList.jsm:37
destructor()@TargetList.jsm:109
stop()@CDP.jsm:104
close()@RemoteAgent.jsm:138
1661638926297	geckodriver	INFO	Listening on 127.0.0.1:34049
1661638926360	mozrunner::runner	INFO	Running command: "/bin/firefox-esr" "--marionette" "--remote-debugging-port" "45327" "--remote-allow-hosts" "localhost" "-no-remote" "-profile" "/tmp/rust_mozprofilefY2hL3"
1661638929128	Marionette	INFO	Marionette enabled
console.warn: SearchSettings: "get: No settings file exists, new profile?" (new NotFoundError("Could not open the file at /tmp/rust_mozprofilefY2hL3/search.json.mozlz4", (void 0)))
DevTools listening on ws://localhost:45327/devtools/browser/17c8e0a5-9583-4176-9e08-92df07d20a13
1661638940663	Marionette	INFO	Listening on port 40417
1661638940822	RemoteAgent	WARN	TLS certificate errors will be ignored for this session
1661638940845	RemoteAgent	INFO	Proxy settings initialised: {"proxyType":"manual","httpProxy":"127.0.0.1:40593","sslProxy":"127.0.0.1:40593"}
1661638975421	Marionette	INFO	Stopped listening on port 40417
JavaScript error: resource:///modules/Interactions.jsm, line 209: NS_ERROR_FAILURE: Component returned failure code: 0x80004005 (NS_ERROR_FAILURE) [nsIUserIdleService.removeIdleObserver]
!!! error running onStopped callback: TypeError: callback is not a function
JavaScript error: chrome://remote/content/marionette/cert.js, line 55: NS_ERROR_NOT_AVAILABLE: Component returned failure code: 0x80040111 (NS_ERROR_NOT_AVAILABLE) [nsICertOverrideService.setDisableAllSecurityChecksAndLetAttackersInterceptMyData]

###!!! [Parent][RunMessage] Error: Channel closing: too late to send/recv, messages will be lost

1661638976811	RemoteAgent	ERROR	unable to stop listener: [Exception... "Component returned failure code: 0x8000ffff (NS_ERROR_UNEXPECTED) [nsIWindowMediator.getEnumerator]"  nsresult: "0x8000ffff (NS_ERROR_UNEXPECTED)"  location: "JS frame :: chrome://remote/content/cdp/observers/TargetObserver.jsm :: stop :: line 64"  data: no] Stack trace: stop()@TargetObserver.jsm:64
unwatchForTabs()@TargetList.jsm:70
unwatchForTargets()@TargetList.jsm:37
destructor()@TargetList.jsm:109
stop()@CDP.jsm:104
close()@RemoteAgent.jsm:138
1661638981756	geckodriver	INFO	Listening on 127.0.0.1:39445
1661638981806	mozrunner::runner	INFO	Running command: "/bin/firefox-esr" "--marionette" "--remote-debugging-port" "41907" "--remote-allow-hosts" "localhost" "-no-remote" "-profile" "/tmp/rust_mozprofileqJSMbC"
1661638983307	Marionette	INFO	Marionette enabled
console.warn: SearchSettings: "get: No settings file exists, new profile?" (new NotFoundError("Could not open the file at /tmp/rust_mozprofileqJSMbC/search.json.mozlz4", (void 0)))
console.error: Region.jsm: "Error fetching region" (new Error("TIMEOUT", "resource://gre/modules/Region.jsm", 772))
console.error: Region.jsm: "Failed to fetch region" (new Error("TIMEOUT", "resource://gre/modules/Region.jsm", 419))
DevTools listening on ws://localhost:41907/devtools/browser/40070368-58b4-4186-9ef9-807a7ba417f6
1661638995075	Marionette	INFO	Listening on port 34437
1661638995224	RemoteAgent	WARN	TLS certificate errors will be ignored for this session
1661638995234	RemoteAgent	INFO	Proxy settings initialised: {"proxyType":"manual","httpProxy":"127.0.0.1:36441","sslProxy":"127.0.0.1:36441"}
1661639006477	Marionette	INFO	Stopped listening on port 34437
JavaScript error: resource:///modules/Interactions.jsm, line 209: NS_ERROR_FAILURE: Component returned failure code: 0x80004005 (NS_ERROR_FAILURE) [nsIUserIdleService.removeIdleObserver]
!!! error running onStopped callback: TypeError: callback is not a function
JavaScript error: chrome://remote/content/marionette/cert.js, line 55: NS_ERROR_NOT_AVAILABLE: Component returned failure code: 0x80040111 (NS_ERROR_NOT_AVAILABLE) [nsICertOverrideService.setDisableAllSecurityChecksAndLetAttackersInterceptMyData]
1661639008292	RemoteAgent	ERROR	unable to stop listener: [Exception... "Component returned failure code: 0x8000ffff (NS_ERROR_UNEXPECTED) [nsIWindowMediator.getEnumerator]"  nsresult: "0x8000ffff (NS_ERROR_UNEXPECTED)"  location: "JS frame :: chrome://remote/content/cdp/observers/TargetObserver.jsm :: stop :: line 64"  data: no] Stack trace: stop()@TargetObserver.jsm:64
unwatchForTabs()@TargetList.jsm:70
unwatchForTargets()@TargetList.jsm:37
destructor()@TargetList.jsm:109
stop()@CDP.jsm:104
close()@RemoteAgent.jsm:138
1661639053768	geckodriver	INFO	Listening on 127.0.0.1:54913
1661639054283	mozrunner::runner	INFO	Running command: "/bin/firefox-esr" "--marionette" "--remote-debugging-port" "59419" "--remote-allow-hosts" "localhost" "-no-remote" "-profile" "/tmp/rust_mozprofileZFGqSG"
1661639055939	Marionette	INFO	Marionette enabled
console.warn: SearchSettings: "get: No settings file exists, new profile?" (new NotFoundError("Could not open the file at /tmp/rust_mozprofileZFGqSG/search.json.mozlz4", (void 0)))
console.error: Region.jsm: "Error fetching region" (new Error("TIMEOUT", "resource://gre/modules/Region.jsm", 772))
console.error: Region.jsm: "Failed to fetch region" (new Error("TIMEOUT", "resource://gre/modules/Region.jsm", 419))
DevTools listening on ws://localhost:59419/devtools/browser/f945a19c-05bb-4e91-87e2-16035de0fa4b
1661639067867	Marionette	INFO	Listening on port 43319
1661639068269	RemoteAgent	WARN	TLS certificate errors will be ignored for this session
1661639068289	RemoteAgent	INFO	Proxy settings initialised: {"proxyType":"manual","httpProxy":"127.0.0.1:39967","sslProxy":"127.0.0.1:39967"}
1661639152555	Marionette	INFO	Stopped listening on port 43319
JavaScript error: resource:///modules/Interactions.jsm, line 209: NS_ERROR_FAILURE: Component returned failure code: 0x80004005 (NS_ERROR_FAILURE) [nsIUserIdleService.removeIdleObserver]
JavaScript error: chrome://remote/content/marionette/cert.js, line 55: NS_ERROR_NOT_AVAILABLE: Component returned failure code: 0x80040111 (NS_ERROR_NOT_AVAILABLE) [nsICertOverrideService.setDisableAllSecurityChecksAndLetAttackersInterceptMyData]
!!! error running onStopped callback: TypeError: callback is not a function

###!!! [Parent][RunMessage] Error: Channel closing: too late to send/recv, messages will be lost

1661639153942	RemoteAgent	ERROR	unable to stop listener: [Exception... "Component returned failure code: 0x8000ffff (NS_ERROR_UNEXPECTED) [nsIWindowMediator.getEnumerator]"  nsresult: "0x8000ffff (NS_ERROR_UNEXPECTED)"  location: "JS frame :: chrome://remote/content/cdp/observers/TargetObserver.jsm :: stop :: line 64"  data: no] Stack trace: stop()@TargetObserver.jsm:64
unwatchForTabs()@TargetList.jsm:70
unwatchForTargets()@TargetList.jsm:37
destructor()@TargetList.jsm:109
stop()@CDP.jsm:104
close()@RemoteAgent.jsm:138
1661639162289	geckodriver	INFO	Listening on 127.0.0.1:60265
1661639162316	mozrunner::runner	INFO	Running command: "/bin/firefox-esr" "--marionette" "--remote-debugging-port" "42025" "--remote-allow-hosts" "localhost" "-no-remote" "-profile" "/tmp/rust_mozprofile9zfhPt"
1661639164438	Marionette	INFO	Marionette enabled
console.warn: SearchSettings: "get: No settings file exists, new profile?" (new NotFoundError("Could not open the file at /tmp/rust_mozprofile9zfhPt/search.json.mozlz4", (void 0)))
DevTools listening on ws://localhost:42025/devtools/browser/eceba35d-5f63-4f60-ba42-3f962a3868c8
1661639176550	Marionette	INFO	Listening on port 37937
1661639176653	RemoteAgent	WARN	TLS certificate errors will be ignored for this session
1661639176669	RemoteAgent	INFO	Proxy settings initialised: {"proxyType":"manual","httpProxy":"127.0.0.1:37559","sslProxy":"127.0.0.1:37559"}
1661639199140	Marionette	INFO	Stopped listening on port 37937
JavaScript error: resource:///modules/Interactions.jsm, line 209: NS_ERROR_FAILURE: Component returned failure code: 0x80004005 (NS_ERROR_FAILURE) [nsIUserIdleService.removeIdleObserver]
JavaScript error: chrome://remote/content/marionette/cert.js, line 55: NS_ERROR_NOT_AVAILABLE: Component returned failure code: 0x80040111 (NS_ERROR_NOT_AVAILABLE) [nsICertOverrideService.setDisableAllSecurityChecksAndLetAttackersInterceptMyData]
!!! error running onStopped callback: TypeError: callback is not a function
1661639200497	RemoteAgent	ERROR	unable to stop listener: [Exception... "Component returned failure code: 0x8000ffff (NS_ERROR_UNEXPECTED) [nsIWindowMediator.getEnumerator]"  nsresult: "0x8000ffff (NS_ERROR_UNEXPECTED)"  location: "JS frame :: chrome://remote/content/cdp/observers/TargetObserver.jsm :: stop :: line 64"  data: no] Stack trace: stop()@TargetObserver.jsm:64
unwatchForTabs()@TargetList.jsm:70
unwatchForTargets()@TargetList.jsm:37
destructor()@TargetList.jsm:109
stop()@CDP.jsm:104
close()@RemoteAgent.jsm:138
1661639505574	geckodriver	INFO	Listening on 127.0.0.1:34441
1661639506110	mozrunner::runner	INFO	Running command: "/bin/firefox-esr" "--marionette" "--remote-debugging-port" "33515" "--remote-allow-hosts" "localhost" "-no-remote" "-profile" "/tmp/rust_mozprofileIZCXpv"
1661639508274	Marionette	INFO	Marionette enabled
console.warn: SearchSettings: "get: No settings file exists, new profile?" (new NotFoundError("Could not open the file at /tmp/rust_mozprofileIZCXpv/search.json.mozlz4", (void 0)))
DevTools listening on ws://localhost:33515/devtools/browser/28b0239a-3894-4b3a-9a06-a2cf55c67ae9
1661639517964	Marionette	INFO	Listening on port 40847
1661639518255	RemoteAgent	WARN	TLS certificate errors will be ignored for this session
1661639518274	RemoteAgent	INFO	Proxy settings initialised: {"proxyType":"manual","httpProxy":"127.0.0.1:43401","sslProxy":"127.0.0.1:43401"}

(firefox-esr:31119): GLib-GObject-WARNING **: 18:32:46.334: ../../../gobject/gsignal.c:3600: signal name 'load_complete' is invalid for instance '0x7fa289991a10' of type 'MaiAtkType139'

(firefox-esr:31119): GLib-GObject-WARNING **: 18:32:46.334: ../../../gobject/gsignal.c:3600: signal name 'load_complete' is invalid for instance '0x7fa289991bf0' of type 'MaiAtkType139'

(firefox-esr:31119): GLib-GObject-WARNING **: 18:32:47.346: ../../../gobject/gsignal.c:3600: signal name 'load_complete' is invalid for instance '0x7fa29469c170' of type 'MaiAtkType139'
1661639575064	Marionette	INFO	Stopped listening on port 40847
JavaScript error: resource:///modules/Interactions.jsm, line 209: NS_ERROR_FAILURE: Component returned failure code: 0x80004005 (NS_ERROR_FAILURE) [nsIUserIdleService.removeIdleObserver]
!!! error running onStopped callback: TypeError: callback is not a function
JavaScript error: chrome://remote/content/marionette/cert.js, line 55: NS_ERROR_NOT_AVAILABLE: Component returned failure code: 0x80040111 (NS_ERROR_NOT_AVAILABLE) [nsICertOverrideService.setDisableAllSecurityChecksAndLetAttackersInterceptMyData]

###!!! [Parent][RunMessage] Error: Channel closing: too late to send/recv, messages will be lost

1661639578501	RemoteAgent	ERROR	unable to stop listener: [Exception... "Component returned failure code: 0x8000ffff (NS_ERROR_UNEXPECTED) [nsIWindowMediator.getEnumerator]"  nsresult: "0x8000ffff (NS_ERROR_UNEXPECTED)"  location: "JS frame :: chrome://remote/content/cdp/observers/TargetObserver.jsm :: stop :: line 64"  data: no] Stack trace: stop()@TargetObserver.jsm:64
unwatchForTabs()@TargetList.jsm:70
unwatchForTargets()@TargetList.jsm:37
destructor()@TargetList.jsm:109
stop()@CDP.jsm:104
close()@RemoteAgent.jsm:138
1661639583712	geckodriver	INFO	Listening on 127.0.0.1:41041
1661639583735	mozrunner::runner	INFO	Running command: "/bin/firefox-esr" "--marionette" "--remote-debugging-port" "60299" "--remote-allow-hosts" "localhost" "-no-remote" "-profile" "/tmp/rust_mozprofilellnsWj"
1661639585494	Marionette	INFO	Marionette enabled
console.warn: SearchSettings: "get: No settings file exists, new profile?" (new NotFoundError("Could not open the file at /tmp/rust_mozprofilellnsWj/search.json.mozlz4", (void 0)))
DevTools listening on ws://localhost:60299/devtools/browser/0e062408-2a1e-4d4b-8a02-1068303e8753
1661639598646	Marionette	INFO	Listening on port 39737
1661639598833	RemoteAgent	WARN	TLS certificate errors will be ignored for this session
1661639598848	RemoteAgent	INFO	Proxy settings initialised: {"proxyType":"manual","httpProxy":"127.0.0.1:33247","sslProxy":"127.0.0.1:33247"}
1661639612222	Marionette	INFO	Stopped listening on port 39737
JavaScript error: resource:///modules/Interactions.jsm, line 209: NS_ERROR_FAILURE: Component returned failure code: 0x80004005 (NS_ERROR_FAILURE) [nsIUserIdleService.removeIdleObserver]
JavaScript error: chrome://remote/content/marionette/cert.js, line 55: NS_ERROR_NOT_AVAILABLE: Component returned failure code: 0x80040111 (NS_ERROR_NOT_AVAILABLE) [nsICertOverrideService.setDisableAllSecurityChecksAndLetAttackersInterceptMyData]
!!! error running onStopped callback: TypeError: callback is not a function
1661639613742	RemoteAgent	ERROR	unable to stop listener: [Exception... "Component returned failure code: 0x8000ffff (NS_ERROR_UNEXPECTED) [nsIWindowMediator.getEnumerator]"  nsresult: "0x8000ffff (NS_ERROR_UNEXPECTED)"  location: "JS frame :: chrome://remote/content/cdp/observers/TargetObserver.jsm :: stop :: line 64"  data: no] Stack trace: stop()@TargetObserver.jsm:64
unwatchForTabs()@TargetList.jsm:70
unwatchForTargets()@TargetList.jsm:37
destructor()@TargetList.jsm:109
stop()@CDP.jsm:104
close()@RemoteAgent.jsm:138
1661639744380	geckodriver	INFO	Listening on 127.0.0.1:58873
1661639744410	mozrunner::runner	INFO	Running command: "/bin/firefox-esr" "--marionette" "--remote-debugging-port" "36217" "--remote-allow-hosts" "localhost" "-no-remote" "-profile" "/tmp/rust_mozprofileBjz8kX"
1661639746726	Marionette	INFO	Marionette enabled
console.warn: SearchSettings: "get: No settings file exists, new profile?" (new NotFoundError("Could not open the file at /tmp/rust_mozprofileBjz8kX/search.json.mozlz4", (void 0)))
DevTools listening on ws://localhost:36217/devtools/browser/845ba7f2-a621-40b8-a6b7-71d5f6ede924
1661639757709	Marionette	INFO	Listening on port 46159
1661639757816	RemoteAgent	WARN	TLS certificate errors will be ignored for this session
1661639757826	RemoteAgent	INFO	Proxy settings initialised: {"proxyType":"manual","httpProxy":"127.0.0.1:37889","sslProxy":"127.0.0.1:37889"}
Exiting due to channel error.
Exiting due to channel error.
Exiting due to channel error.
1661639814958	geckodriver	INFO	Listening on 127.0.0.1:42867
1661639815486	mozrunner::runner	INFO	Running command: "/bin/firefox-esr" "--marionette" "--remote-debugging-port" "50287" "--remote-allow-hosts" "localhost" "-no-remote" "-profile" "/tmp/rust_mozprofileKgAsMB"
1661639817376	Marionette	INFO	Marionette enabled
console.warn: SearchSettings: "get: No settings file exists, new profile?" (new NotFoundError("Could not open the file at /tmp/rust_mozprofileKgAsMB/search.json.mozlz4", (void 0)))
DevTools listening on ws://localhost:50287/devtools/browser/61c4aa22-86e6-4edb-b4f9-209618329205
1661639826657	Marionette	INFO	Listening on port 40119
1661639826816	RemoteAgent	WARN	TLS certificate errors will be ignored for this session
1661639826824	RemoteAgent	INFO	Proxy settings initialised: {"proxyType":"manual","httpProxy":"127.0.0.1:40693","sslProxy":"127.0.0.1:40693"}
Exiting due to channel error.
Exiting due to channel error.
Exiting due to channel error.
1661639887336	geckodriver	INFO	Listening on 127.0.0.1:33471
1661639887384	mozrunner::runner	INFO	Running command: "/bin/firefox-esr" "--marionette" "--remote-debugging-port" "52185" "--remote-allow-hosts" "localhost" "-no-remote" "-profile" "/tmp/rust_mozprofileCX6cTa"
1661639889348	Marionette	INFO	Marionette enabled
console.warn: SearchSettings: "get: No settings file exists, new profile?" (new NotFoundError("Could not open the file at /tmp/rust_mozprofileCX6cTa/search.json.mozlz4", (void 0)))
DevTools listening on ws://localhost:52185/devtools/browser/17944b2d-e21d-4a4e-88f4-86276621d95d
1661639900111	Marionette	INFO	Listening on port 37431
1661639900264	RemoteAgent	WARN	TLS certificate errors will be ignored for this session
1661639900274	RemoteAgent	INFO	Proxy settings initialised: {"proxyType":"manual","httpProxy":"127.0.0.1:41593","sslProxy":"127.0.0.1:41593"}
Exiting due to channel error.
Exiting due to channel error.
Exiting due to channel error.
1661640180209	geckodriver	INFO	Listening on 127.0.0.1:60221
1661640180227	mozrunner::runner	INFO	Running command: "/bin/firefox-esr" "--marionette" "--remote-debugging-port" "36041" "--remote-allow-hosts" "localhost" "-no-remote" "-profile" "/tmp/rust_mozprofile4NOTcQ"
1661640181384	Marionette	INFO	Marionette enabled
console.warn: SearchSettings: "get: No settings file exists, new profile?" (new NotFoundError("Could not open the file at /tmp/rust_mozprofile4NOTcQ/search.json.mozlz4", (void 0)))
DevTools listening on ws://localhost:36041/devtools/browser/f842a0f4-264e-4650-8f74-5190bd39f663
1661640189236	Marionette	INFO	Listening on port 42213
1661640189412	RemoteAgent	WARN	TLS certificate errors will be ignored for this session
1661640189421	RemoteAgent	INFO	Proxy settings initialised: {"proxyType":"manual","httpProxy":"127.0.0.1:42163","sslProxy":"127.0.0.1:42163"}
Exiting due to channel error.
Exiting due to channel error.
Exiting due to channel error.
1661640725013	geckodriver	INFO	Listening on 127.0.0.1:59005
1661640725498	mozrunner::runner	INFO	Running command: "/bin/firefox-esr" "--marionette" "--remote-debugging-port" "51019" "--remote-allow-hosts" "localhost" "-no-remote" "-profile" "/tmp/rust_mozprofileEnrIYK"
1661640726823	Marionette	INFO	Marionette enabled
console.warn: SearchSettings: "get: No settings file exists, new profile?" (new NotFoundError("Could not open the file at /tmp/rust_mozprofileEnrIYK/search.json.mozlz4", (void 0)))
DevTools listening on ws://localhost:51019/devtools/browser/5e5d53ea-33e3-4333-886e-4c6c9df4a910
1661640732253	Marionette	INFO	Listening on port 38243
1661640732328	RemoteAgent	WARN	TLS certificate errors will be ignored for this session
1661640732337	RemoteAgent	INFO	Proxy settings initialised: {"proxyType":"manual","httpProxy":"127.0.0.1:42903","sslProxy":"127.0.0.1:42903"}
1661640772204	Marionette	INFO	Stopped listening on port 38243
JavaScript error: resource:///modules/Interactions.jsm, line 209: NS_ERROR_FAILURE: Component returned failure code: 0x80004005 (NS_ERROR_FAILURE) [nsIUserIdleService.removeIdleObserver]
JavaScript error: chrome://remote/content/marionette/cert.js, line 55: NS_ERROR_NOT_AVAILABLE: Component returned failure code: 0x80040111 (NS_ERROR_NOT_AVAILABLE) [nsICertOverrideService.setDisableAllSecurityChecksAndLetAttackersInterceptMyData]
!!! error running onStopped callback: TypeError: callback is not a function

###!!! [Parent][RunMessage] Error: Channel closing: too late to send/recv, messages will be lost

1661640773917	RemoteAgent	ERROR	unable to stop listener: [Exception... "Component returned failure code: 0x8000ffff (NS_ERROR_UNEXPECTED) [nsIWindowMediator.getEnumerator]"  nsresult: "0x8000ffff (NS_ERROR_UNEXPECTED)"  location: "JS frame :: chrome://remote/content/cdp/observers/TargetObserver.jsm :: stop :: line 64"  data: no] Stack trace: stop()@TargetObserver.jsm:64
unwatchForTabs()@TargetList.jsm:70
unwatchForTargets()@TargetList.jsm:37
destructor()@TargetList.jsm:109
stop()@CDP.jsm:104
close()@RemoteAgent.jsm:138
1661640779120	geckodriver	INFO	Listening on 127.0.0.1:40429
1661640779140	mozrunner::runner	INFO	Running command: "/bin/firefox-esr" "--marionette" "--remote-debugging-port" "45221" "--remote-allow-hosts" "localhost" "-no-remote" "-profile" "/tmp/rust_mozprofileTkdJpR"
1661640780303	Marionette	INFO	Marionette enabled
console.warn: SearchSettings: "get: No settings file exists, new profile?" (new NotFoundError("Could not open the file at /tmp/rust_mozprofileTkdJpR/search.json.mozlz4", (void 0)))
DevTools listening on ws://localhost:45221/devtools/browser/3b39502a-3f16-4e52-98fb-9048f1cbdfae
1661640788078	Marionette	INFO	Listening on port 40355
1661640788214	RemoteAgent	WARN	TLS certificate errors will be ignored for this session
1661640788223	RemoteAgent	INFO	Proxy settings initialised: {"proxyType":"manual","httpProxy":"127.0.0.1:45171","sslProxy":"127.0.0.1:45171"}
Exiting due to channel error.
Exiting due to channel error.
Exiting due to channel error.
1661640976026	geckodriver	INFO	Listening on 127.0.0.1:57661
1661640976043	mozrunner::runner	INFO	Running command: "/bin/firefox-esr" "--marionette" "--remote-debugging-port" "53605" "--remote-allow-hosts" "localhost" "-no-remote" "-profile" "/tmp/rust_mozprofileunrzeD"
1661640977218	Marionette	INFO	Marionette enabled
console.warn: SearchSettings: "get: No settings file exists, new profile?" (new NotFoundError("Could not open the file at /tmp/rust_mozprofileunrzeD/search.json.mozlz4", (void 0)))
DevTools listening on ws://localhost:53605/devtools/browser/7e103ec9-13ee-4af9-908c-6d4b7318507f
1661640987297	Marionette	INFO	Listening on port 40823
1661640987450	RemoteAgent	WARN	TLS certificate errors will be ignored for this session
1661640987462	RemoteAgent	INFO	Proxy settings initialised: {"proxyType":"manual","httpProxy":"127.0.0.1:35667","sslProxy":"127.0.0.1:35667"}
1661641012801	Marionette	INFO	Stopped listening on port 40823
JavaScript error: resource:///modules/Interactions.jsm, line 209: NS_ERROR_FAILURE: Component returned failure code: 0x80004005 (NS_ERROR_FAILURE) [nsIUserIdleService.removeIdleObserver]
!!! error running onStopped callback: TypeError: callback is not a function
JavaScript error: chrome://remote/content/marionette/cert.js, line 55: NS_ERROR_NOT_AVAILABLE: Component returned failure code: 0x80040111 (NS_ERROR_NOT_AVAILABLE) [nsICertOverrideService.setDisableAllSecurityChecksAndLetAttackersInterceptMyData]
1661641014960	RemoteAgent	ERROR	unable to stop listener: [Exception... "Component returned failure code: 0x8000ffff (NS_ERROR_UNEXPECTED) [nsIWindowMediator.getEnumerator]"  nsresult: "0x8000ffff (NS_ERROR_UNEXPECTED)"  location: "JS frame :: chrome://remote/content/cdp/observers/TargetObserver.jsm :: stop :: line 64"  data: no] Stack trace: stop()@TargetObserver.jsm:64
unwatchForTabs()@TargetList.jsm:70
unwatchForTargets()@TargetList.jsm:37
destructor()@TargetList.jsm:109
stop()@CDP.jsm:104
close()@RemoteAgent.jsm:138
1661641591903	geckodriver	INFO	Listening on 127.0.0.1:52719
1661641592436	mozrunner::runner	INFO	Running command: "/bin/firefox-esr" "--marionette" "--remote-debugging-port" "42499" "--remote-allow-hosts" "localhost" "-no-remote" "-profile" "/tmp/rust_mozprofile4C08Hj"
1661641594727	Marionette	INFO	Marionette enabled
console.warn: SearchSettings: "get: No settings file exists, new profile?" (new NotFoundError("Could not open the file at /tmp/rust_mozprofile4C08Hj/search.json.mozlz4", (void 0)))
console.error: Region.jsm: "Error fetching region" (new Error("TIMEOUT", "resource://gre/modules/Region.jsm", 772))
console.error: Region.jsm: "Failed to fetch region" (new Error("TIMEOUT", "resource://gre/modules/Region.jsm", 419))
DevTools listening on ws://localhost:42499/devtools/browser/3aa9ac35-ffbe-455e-9500-a2da50f062ea
1661641604715	Marionette	INFO	Listening on port 46715
1661641604882	RemoteAgent	WARN	TLS certificate errors will be ignored for this session
1661641604894	RemoteAgent	INFO	Proxy settings initialised: {"proxyType":"manual","httpProxy":"127.0.0.1:35551","sslProxy":"127.0.0.1:35551"}

(firefox-esr:44329): GLib-GObject-WARNING **: 19:07:38.244: ../../../gobject/gsignal.c:3600: signal name 'load_complete' is invalid for instance '0x7fe6523eb350' of type 'MaiAtkType139'

(firefox-esr:44329): GLib-GObject-WARNING **: 19:07:38.244: ../../../gobject/gsignal.c:3600: signal name 'load_complete' is invalid for instance '0x7fe6523eb8f0' of type 'MaiAtkType139'
Exiting due to channel error.
Exiting due to channel error.
Exiting due to channel error.
1661641798449	geckodriver	INFO	Listening on 127.0.0.1:55297
1661641798968	mozrunner::runner	INFO	Running command: "/bin/firefox-esr" "--marionette" "--remote-debugging-port" "38777" "--remote-allow-hosts" "localhost" "-no-remote" "-profile" "/tmp/rust_mozprofilemRkpMx"
1661641801220	Marionette	INFO	Marionette enabled
console.warn: SearchSettings: "get: No settings file exists, new profile?" (new NotFoundError("Could not open the file at /tmp/rust_mozprofilemRkpMx/search.json.mozlz4", (void 0)))
DevTools listening on ws://localhost:38777/devtools/browser/e32157c8-1b32-4567-9af4-ba835c2111c1
1661641810575	Marionette	INFO	Listening on port 43025
1661641810735	RemoteAgent	WARN	TLS certificate errors will be ignored for this session
1661641810746	RemoteAgent	INFO	Proxy settings initialised: {"proxyType":"manual","httpProxy":"127.0.0.1:44645","sslProxy":"127.0.0.1:44645"}
1661641824631	Marionette	INFO	Stopped listening on port 43025
JavaScript error: resource:///modules/Interactions.jsm, line 209: NS_ERROR_FAILURE: Component returned failure code: 0x80004005 (NS_ERROR_FAILURE) [nsIUserIdleService.removeIdleObserver]
JavaScript error: chrome://remote/content/marionette/cert.js, line 55: NS_ERROR_NOT_AVAILABLE: Component returned failure code: 0x80040111 (NS_ERROR_NOT_AVAILABLE) [nsICertOverrideService.setDisableAllSecurityChecksAndLetAttackersInterceptMyData]
!!! error running onStopped callback: TypeError: callback is not a function
1661641826411	RemoteAgent	ERROR	unable to stop listener: [Exception... "Component returned failure code: 0x8000ffff (NS_ERROR_UNEXPECTED) [nsIWindowMediator.getEnumerator]"  nsresult: "0x8000ffff (NS_ERROR_UNEXPECTED)"  location: "JS frame :: chrome://remote/content/cdp/observers/TargetObserver.jsm :: stop :: line 64"  data: no] Stack trace: stop()@TargetObserver.jsm:64
unwatchForTabs()@TargetList.jsm:70
unwatchForTargets()@TargetList.jsm:37
destructor()@TargetList.jsm:109
stop()@CDP.jsm:104
close()@RemoteAgent.jsm:138
1661641929177	geckodriver	INFO	Listening on 127.0.0.1:36747
1661641929204	mozrunner::runner	INFO	Running command: "/bin/firefox-esr" "--marionette" "--remote-debugging-port" "45693" "--remote-allow-hosts" "localhost" "-no-remote" "-profile" "/tmp/rust_mozprofileD9XEuW"
1661641930645	Marionette	INFO	Marionette enabled
console.warn: SearchSettings: "get: No settings file exists, new profile?" (new NotFoundError("Could not open the file at /tmp/rust_mozprofileD9XEuW/search.json.mozlz4", (void 0)))
DevTools listening on ws://localhost:45693/devtools/browser/1a005e54-627e-44b5-a3d8-8a0aa0fcd8c6
1661641942058	Marionette	INFO	Listening on port 37749
1661641942145	RemoteAgent	WARN	TLS certificate errors will be ignored for this session
1661641942153	RemoteAgent	INFO	Proxy settings initialised: {"proxyType":"manual","httpProxy":"127.0.0.1:34795","sslProxy":"127.0.0.1:34795"}
Exiting due to channel error.
Exiting due to channel error.
Exiting due to channel error.
1661642151655	geckodriver	INFO	Listening on 127.0.0.1:41399
1661642152159	mozrunner::runner	INFO	Running command: "/bin/firefox-esr" "--marionette" "--remote-debugging-port" "56417" "--remote-allow-hosts" "localhost" "-no-remote" "-profile" "/tmp/rust_mozprofileCzRLfu"
1661642154102	Marionette	INFO	Marionette enabled
console.warn: SearchSettings: "get: No settings file exists, new profile?" (new NotFoundError("Could not open the file at /tmp/rust_mozprofileCzRLfu/search.json.mozlz4", (void 0)))
DevTools listening on ws://localhost:56417/devtools/browser/97e8dd83-fb89-4dfb-807d-72427d435b8c
1661642163313	Marionette	INFO	Listening on port 40085
1661642163536	RemoteAgent	WARN	TLS certificate errors will be ignored for this session
1661642163556	RemoteAgent	INFO	Proxy settings initialised: {"proxyType":"manual","httpProxy":"127.0.0.1:38961","sslProxy":"127.0.0.1:38961"}
1661642209317	Marionette	INFO	Stopped listening on port 40085
JavaScript error: resource:///modules/Interactions.jsm, line 209: NS_ERROR_FAILURE: Component returned failure code: 0x80004005 (NS_ERROR_FAILURE) [nsIUserIdleService.removeIdleObserver]
JavaScript error: chrome://remote/content/marionette/cert.js, line 55: NS_ERROR_NOT_AVAILABLE: Component returned failure code: 0x80040111 (NS_ERROR_NOT_AVAILABLE) [nsICertOverrideService.setDisableAllSecurityChecksAndLetAttackersInterceptMyData]
!!! error running onStopped callback: TypeError: callback is not a function
JavaScript error: resource://gre/modules/CrashManager.jsm, line 829: AbortError: IOUtils: Shutting down and refusing additional I/O tasks
1661642211380	RemoteAgent	ERROR	unable to stop listener: [Exception... "Component returned failure code: 0x8000ffff (NS_ERROR_UNEXPECTED) [nsIWindowMediator.getEnumerator]"  nsresult: "0x8000ffff (NS_ERROR_UNEXPECTED)"  location: "JS frame :: chrome://remote/content/cdp/observers/TargetObserver.jsm :: stop :: line 64"  data: no] Stack trace: stop()@TargetObserver.jsm:64
unwatchForTabs()@TargetList.jsm:70
unwatchForTargets()@TargetList.jsm:37
destructor()@TargetList.jsm:109
stop()@CDP.jsm:104
close()@RemoteAgent.jsm:138
1661642215756	geckodriver	INFO	Listening on 127.0.0.1:37633
1661642215777	mozrunner::runner	INFO	Running command: "/bin/firefox-esr" "--marionette" "--remote-debugging-port" "59587" "--remote-allow-hosts" "localhost" "-no-remote" "-profile" "/tmp/rust_mozprofileasoAlE"
1661642217999	Marionette	INFO	Marionette enabled
console.warn: SearchSettings: "get: No settings file exists, new profile?" (new NotFoundError("Could not open the file at /tmp/rust_mozprofileasoAlE/search.json.mozlz4", (void 0)))
DevTools listening on ws://localhost:59587/devtools/browser/9660a9a0-11d6-4365-93a0-390bfe5c6d00
1661642229117	Marionette	INFO	Listening on port 44109
1661642229284	RemoteAgent	WARN	TLS certificate errors will be ignored for this session
1661642229299	RemoteAgent	INFO	Proxy settings initialised: {"proxyType":"manual","httpProxy":"127.0.0.1:39045","sslProxy":"127.0.0.1:39045"}
1661642245348	Marionette	INFO	Stopped listening on port 44109
JavaScript error: resource:///modules/Interactions.jsm, line 209: NS_ERROR_FAILURE: Component returned failure code: 0x80004005 (NS_ERROR_FAILURE) [nsIUserIdleService.removeIdleObserver]
JavaScript error: chrome://remote/content/marionette/cert.js, line 55: NS_ERROR_NOT_AVAILABLE: Component returned failure code: 0x80040111 (NS_ERROR_NOT_AVAILABLE) [nsICertOverrideService.setDisableAllSecurityChecksAndLetAttackersInterceptMyData]
!!! error running onStopped callback: TypeError: callback is not a function

###!!! [Parent][RunMessage] Error: Channel closing: too late to send/recv, messages will be lost

1661642246741	RemoteAgent	ERROR	unable to stop listener: [Exception... "Component returned failure code: 0x8000ffff (NS_ERROR_UNEXPECTED) [nsIWindowMediator.getEnumerator]"  nsresult: "0x8000ffff (NS_ERROR_UNEXPECTED)"  location: "JS frame :: chrome://remote/content/cdp/observers/TargetObserver.jsm :: stop :: line 64"  data: no] Stack trace: stop()@TargetObserver.jsm:64
unwatchForTabs()@TargetList.jsm:70
unwatchForTargets()@TargetList.jsm:37
destructor()@TargetList.jsm:109
stop()@CDP.jsm:104
close()@RemoteAgent.jsm:138
1661642260481	geckodriver	INFO	Listening on 127.0.0.1:41299
1661642260514	mozrunner::runner	INFO	Running command: "/bin/firefox-esr" "--marionette" "--remote-debugging-port" "54517" "--remote-allow-hosts" "localhost" "-no-remote" "-profile" "/tmp/rust_mozprofileYRKBIy"
1661642263058	Marionette	INFO	Marionette enabled
console.warn: SearchSettings: "get: No settings file exists, new profile?" (new NotFoundError("Could not open the file at /tmp/rust_mozprofileYRKBIy/search.json.mozlz4", (void 0)))
DevTools listening on ws://localhost:54517/devtools/browser/10abab99-7551-4710-b677-f3249ab01809
1661642273530	Marionette	INFO	Listening on port 42961
1661642273693	RemoteAgent	WARN	TLS certificate errors will be ignored for this session
1661642273706	RemoteAgent	INFO	Proxy settings initialised: {"proxyType":"manual","httpProxy":"127.0.0.1:38751","sslProxy":"127.0.0.1:38751"}
1661642293464	Marionette	INFO	Stopped listening on port 42961
JavaScript error: resource:///modules/Interactions.jsm, line 209: NS_ERROR_FAILURE: Component returned failure code: 0x80004005 (NS_ERROR_FAILURE) [nsIUserIdleService.removeIdleObserver]
JavaScript error: chrome://remote/content/marionette/cert.js, line 55: NS_ERROR_NOT_AVAILABLE: Component returned failure code: 0x80040111 (NS_ERROR_NOT_AVAILABLE) [nsICertOverrideService.setDisableAllSecurityChecksAndLetAttackersInterceptMyData]
!!! error running onStopped callback: TypeError: callback is not a function
1661642294856	RemoteAgent	ERROR	unable to stop listener: [Exception... "Component returned failure code: 0x8000ffff (NS_ERROR_UNEXPECTED) [nsIWindowMediator.getEnumerator]"  nsresult: "0x8000ffff (NS_ERROR_UNEXPECTED)"  location: "JS frame :: chrome://remote/content/cdp/observers/TargetObserver.jsm :: stop :: line 64"  data: no] Stack trace: stop()@TargetObserver.jsm:64
unwatchForTabs()@TargetList.jsm:70
unwatchForTargets()@TargetList.jsm:37
destructor()@TargetList.jsm:109
stop()@CDP.jsm:104
close()@RemoteAgent.jsm:138
1661642387808	geckodriver	INFO	Listening on 127.0.0.1:34575
1661642388304	mozrunner::runner	INFO	Running command: "/bin/firefox-esr" "--marionette" "--remote-debugging-port" "59429" "--remote-allow-hosts" "localhost" "-no-remote" "-profile" "/tmp/rust_mozprofilei2qsyd"
1661642390514	Marionette	INFO	Marionette enabled
console.warn: SearchSettings: "get: No settings file exists, new profile?" (new NotFoundError("Could not open the file at /tmp/rust_mozprofilei2qsyd/search.json.mozlz4", (void 0)))
DevTools listening on ws://localhost:59429/devtools/browser/7d50cc85-5f40-4326-bc82-631d87b47bec
1661642399144	Marionette	INFO	Listening on port 37839
1661642399335	RemoteAgent	WARN	TLS certificate errors will be ignored for this session
1661642399346	RemoteAgent	INFO	Proxy settings initialised: {"proxyType":"manual","httpProxy":"127.0.0.1:39233","sslProxy":"127.0.0.1:39233"}
1661642417518	Marionette	INFO	Stopped listening on port 37839
JavaScript error: resource:///modules/Interactions.jsm, line 209: NS_ERROR_FAILURE: Component returned failure code: 0x80004005 (NS_ERROR_FAILURE) [nsIUserIdleService.removeIdleObserver]
JavaScript error: chrome://remote/content/marionette/cert.js, line 55: NS_ERROR_NOT_AVAILABLE: Component returned failure code: 0x80040111 (NS_ERROR_NOT_AVAILABLE) [nsICertOverrideService.setDisableAllSecurityChecksAndLetAttackersInterceptMyData]
!!! error running onStopped callback: TypeError: callback is not a function
1661642418939	RemoteAgent	ERROR	unable to stop listener: [Exception... "Component returned failure code: 0x8000ffff (NS_ERROR_UNEXPECTED) [nsIWindowMediator.getEnumerator]"  nsresult: "0x8000ffff (NS_ERROR_UNEXPECTED)"  location: "JS frame :: chrome://remote/content/cdp/observers/TargetObserver.jsm :: stop :: line 64"  data: no] Stack trace: stop()@TargetObserver.jsm:64
unwatchForTabs()@TargetList.jsm:70
unwatchForTargets()@TargetList.jsm:37
destructor()@TargetList.jsm:109
stop()@CDP.jsm:104
close()@RemoteAgent.jsm:138
1661642466458	geckodriver	INFO	Listening on 127.0.0.1:43717
1661642466956	mozrunner::runner	INFO	Running command: "/bin/firefox-esr" "--marionette" "--remote-debugging-port" "37161" "--remote-allow-hosts" "localhost" "-no-remote" "-profile" "/tmp/rust_mozprofile9wfMl3"
1661642468734	Marionette	INFO	Marionette enabled
console.warn: SearchSettings: "get: No settings file exists, new profile?" (new NotFoundError("Could not open the file at /tmp/rust_mozprofile9wfMl3/search.json.mozlz4", (void 0)))
DevTools listening on ws://localhost:37161/devtools/browser/3bf0b679-3df2-47e2-afe4-a638a9a0b367
1661642479945	Marionette	INFO	Listening on port 37681
1661642480120	RemoteAgent	WARN	TLS certificate errors will be ignored for this session
1661642480132	RemoteAgent	INFO	Proxy settings initialised: {"proxyType":"manual","httpProxy":"127.0.0.1:43967","sslProxy":"127.0.0.1:43967"}
1661642497624	Marionette	INFO	Stopped listening on port 37681
JavaScript error: resource:///modules/Interactions.jsm, line 209: NS_ERROR_FAILURE: Component returned failure code: 0x80004005 (NS_ERROR_FAILURE) [nsIUserIdleService.removeIdleObserver]
JavaScript error: chrome://remote/content/marionette/cert.js, line 55: NS_ERROR_NOT_AVAILABLE: Component returned failure code: 0x80040111 (NS_ERROR_NOT_AVAILABLE) [nsICertOverrideService.setDisableAllSecurityChecksAndLetAttackersInterceptMyData]
!!! error running onStopped callback: TypeError: callback is not a function
1661642499054	RemoteAgent	ERROR	unable to stop listener: [Exception... "Component returned failure code: 0x8000ffff (NS_ERROR_UNEXPECTED) [nsIWindowMediator.getEnumerator]"  nsresult: "0x8000ffff (NS_ERROR_UNEXPECTED)"  location: "JS frame :: chrome://remote/content/cdp/observers/TargetObserver.jsm :: stop :: line 64"  data: no] Stack trace: stop()@TargetObserver.jsm:64
unwatchForTabs()@TargetList.jsm:70
unwatchForTargets()@TargetList.jsm:37
destructor()@TargetList.jsm:109
stop()@CDP.jsm:104
close()@RemoteAgent.jsm:138
1661642728473	geckodriver	INFO	Listening on 127.0.0.1:57697
1661642728510	mozrunner::runner	INFO	Running command: "/bin/firefox-esr" "--marionette" "--remote-debugging-port" "49433" "--remote-allow-hosts" "localhost" "-no-remote" "-profile" "/tmp/rust_mozprofilezofZoD"
1661642730328	Marionette	INFO	Marionette enabled
console.warn: SearchSettings: "get: No settings file exists, new profile?" (new NotFoundError("Could not open the file at /tmp/rust_mozprofilezofZoD/search.json.mozlz4", (void 0)))
DevTools listening on ws://localhost:49433/devtools/browser/a5885a88-be57-4a88-afb7-5054042bfa61
1661642739951	Marionette	INFO	Listening on port 43341
1661642740150	RemoteAgent	WARN	TLS certificate errors will be ignored for this session
1661642740187	RemoteAgent	INFO	Proxy settings initialised: {"proxyType":"manual","httpProxy":"127.0.0.1:43027","sslProxy":"127.0.0.1:43027"}

(firefox-esr:52173): GLib-GObject-WARNING **: 19:26:25.487: ../../../gobject/gsignal.c:3600: signal name 'load_complete' is invalid for instance '0x7f17c842a410' of type 'MaiAtkType139'

(firefox-esr:52173): GLib-GObject-WARNING **: 19:26:25.487: ../../../gobject/gsignal.c:3600: signal name 'load_complete' is invalid for instance '0x7f17c842a470' of type 'MaiAtkType139'
1661642959077	Marionette	INFO	Stopped listening on port 43341
JavaScript error: resource:///modules/Interactions.jsm, line 209: NS_ERROR_FAILURE: Component returned failure code: 0x80004005 (NS_ERROR_FAILURE) [nsIUserIdleService.removeIdleObserver]
JavaScript error: chrome://remote/content/marionette/cert.js, line 55: NS_ERROR_NOT_AVAILABLE: Component returned failure code: 0x80040111 (NS_ERROR_NOT_AVAILABLE) [nsICertOverrideService.setDisableAllSecurityChecksAndLetAttackersInterceptMyData]
!!! error running onStopped callback: TypeError: callback is not a function
1661642959578	RemoteAgent	ERROR	unable to stop listener: [Exception... "Component returned failure code: 0x8000ffff (NS_ERROR_UNEXPECTED) [nsIWindowMediator.getEnumerator]"  nsresult: "0x8000ffff (NS_ERROR_UNEXPECTED)"  location: "JS frame :: chrome://remote/content/cdp/observers/TargetObserver.jsm :: stop :: line 64"  data: no] Stack trace: stop()@TargetObserver.jsm:64
unwatchForTabs()@TargetList.jsm:70
unwatchForTargets()@TargetList.jsm:37
destructor()@TargetList.jsm:109
stop()@CDP.jsm:104
close()@RemoteAgent.jsm:138
1661642991962	geckodriver	INFO	Listening on 127.0.0.1:37623
1661642992026	mozrunner::runner	INFO	Running command: "/bin/firefox-esr" "--marionette" "--remote-debugging-port" "33343" "--remote-allow-hosts" "localhost" "-no-remote" "-profile" "/tmp/rust_mozprofileTaYDIi"
1661642994291	Marionette	INFO	Marionette enabled
console.warn: SearchSettings: "get: No settings file exists, new profile?" (new NotFoundError("Could not open the file at /tmp/rust_mozprofileTaYDIi/search.json.mozlz4", (void 0)))
DevTools listening on ws://localhost:33343/devtools/browser/e683529f-b304-47b0-ada9-52ba888b086a
1661643003613	Marionette	INFO	Listening on port 45339
1661643003731	RemoteAgent	WARN	TLS certificate errors will be ignored for this session
1661643003744	RemoteAgent	INFO	Proxy settings initialised: {"proxyType":"manual","httpProxy":"127.0.0.1:46033","sslProxy":"127.0.0.1:46033"}

(firefox-esr:53730): GLib-GObject-WARNING **: 19:30:30.275: ../../../gobject/gsignal.c:3600: signal name 'load_complete' is invalid for instance '0x7f5fa1920d70' of type 'MaiAtkType139'

(firefox-esr:53730): GLib-GObject-WARNING **: 19:30:30.275: ../../../gobject/gsignal.c:3600: signal name 'load_complete' is invalid for instance '0x7f5fa1920dd0' of type 'MaiAtkType139'
1661643049807	Marionette	INFO	Stopped listening on port 45339
JavaScript error: resource:///modules/Interactions.jsm, line 209: NS_ERROR_FAILURE: Component returned failure code: 0x80004005 (NS_ERROR_FAILURE) [nsIUserIdleService.removeIdleObserver]
JavaScript error: chrome://remote/content/marionette/cert.js, line 55: NS_ERROR_NOT_AVAILABLE: Component returned failure code: 0x80040111 (NS_ERROR_NOT_AVAILABLE) [nsICertOverrideService.setDisableAllSecurityChecksAndLetAttackersInterceptMyData]
!!! error running onStopped callback: TypeError: callback is not a function
JavaScript error: resource://gre/modules/CrashManager.jsm, line 829: AbortError: IOUtils: Shutting down and refusing additional I/O tasks
1661643051827	RemoteAgent	ERROR	unable to stop listener: [Exception... "Component returned failure code: 0x8000ffff (NS_ERROR_UNEXPECTED) [nsIWindowMediator.getEnumerator]"  nsresult: "0x8000ffff (NS_ERROR_UNEXPECTED)"  location: "JS frame :: chrome://remote/content/cdp/observers/TargetObserver.jsm :: stop :: line 64"  data: no] Stack trace: stop()@TargetObserver.jsm:64
unwatchForTabs()@TargetList.jsm:70
unwatchForTargets()@TargetList.jsm:37
destructor()@TargetList.jsm:109
stop()@CDP.jsm:104
close()@RemoteAgent.jsm:138
1661643055236	geckodriver	INFO	Listening on 127.0.0.1:41833
1661643055257	mozrunner::runner	INFO	Running command: "/bin/firefox-esr" "--marionette" "--remote-debugging-port" "58545" "--remote-allow-hosts" "localhost" "-no-remote" "-profile" "/tmp/rust_mozprofileqOkyvL"
1661643057111	Marionette	INFO	Marionette enabled
console.warn: SearchSettings: "get: No settings file exists, new profile?" (new NotFoundError("Could not open the file at /tmp/rust_mozprofileqOkyvL/search.json.mozlz4", (void 0)))
DevTools listening on ws://localhost:58545/devtools/browser/e13721d3-be24-4bb9-b572-1a99dbc3ffe5
1661643066507	Marionette	INFO	Listening on port 33349
1661643066690	RemoteAgent	WARN	TLS certificate errors will be ignored for this session
1661643066701	RemoteAgent	INFO	Proxy settings initialised: {"proxyType":"manual","httpProxy":"127.0.0.1:34323","sslProxy":"127.0.0.1:34323"}
1661643079391	Marionette	INFO	Stopped listening on port 33349
JavaScript error: resource:///modules/Interactions.jsm, line 209: NS_ERROR_FAILURE: Component returned failure code: 0x80004005 (NS_ERROR_FAILURE) [nsIUserIdleService.removeIdleObserver]
JavaScript error: chrome://remote/content/marionette/cert.js, line 55: NS_ERROR_NOT_AVAILABLE: Component returned failure code: 0x80040111 (NS_ERROR_NOT_AVAILABLE) [nsICertOverrideService.setDisableAllSecurityChecksAndLetAttackersInterceptMyData]
!!! error running onStopped callback: TypeError: callback is not a function
1661643080806	RemoteAgent	ERROR	unable to stop listener: [Exception... "Component returned failure code: 0x8000ffff (NS_ERROR_UNEXPECTED) [nsIWindowMediator.getEnumerator]"  nsresult: "0x8000ffff (NS_ERROR_UNEXPECTED)"  location: "JS frame :: chrome://remote/content/cdp/observers/TargetObserver.jsm :: stop :: line 64"  data: no] Stack trace: stop()@TargetObserver.jsm:64
unwatchForTabs()@TargetList.jsm:70
unwatchForTargets()@TargetList.jsm:37
destructor()@TargetList.jsm:109
stop()@CDP.jsm:104
close()@RemoteAgent.jsm:138
1661643118593	geckodriver	INFO	Listening on 127.0.0.1:59491
1661643119130	mozrunner::runner	INFO	Running command: "/bin/firefox-esr" "--marionette" "--remote-debugging-port" "50753" "--remote-allow-hosts" "localhost" "-no-remote" "-profile" "/tmp/rust_mozprofileJb1bJA"
1661643120685	Marionette	INFO	Marionette enabled
console.warn: SearchSettings: "get: No settings file exists, new profile?" (new NotFoundError("Could not open the file at /tmp/rust_mozprofileJb1bJA/search.json.mozlz4", (void 0)))
DevTools listening on ws://localhost:50753/devtools/browser/3017b2fc-80b6-462f-a595-e71ab80a88c8
1661643130205	Marionette	INFO	Listening on port 33129
1661643130447	RemoteAgent	WARN	TLS certificate errors will be ignored for this session
1661643130466	RemoteAgent	INFO	Proxy settings initialised: {"proxyType":"manual","httpProxy":"127.0.0.1:36649","sslProxy":"127.0.0.1:36649"}
1661643172256	Marionette	INFO	Stopped listening on port 33129
JavaScript error: resource:///modules/Interactions.jsm, line 209: NS_ERROR_FAILURE: Component returned failure code: 0x80004005 (NS_ERROR_FAILURE) [nsIUserIdleService.removeIdleObserver]
!!! error running onStopped callback: TypeError: callback is not a function
JavaScript error: chrome://remote/content/marionette/cert.js, line 55: NS_ERROR_NOT_AVAILABLE: Component returned failure code: 0x80040111 (NS_ERROR_NOT_AVAILABLE) [nsICertOverrideService.setDisableAllSecurityChecksAndLetAttackersInterceptMyData]
1661643173893	RemoteAgent	ERROR	unable to stop listener: [Exception... "Component returned failure code: 0x8000ffff (NS_ERROR_UNEXPECTED) [nsIWindowMediator.getEnumerator]"  nsresult: "0x8000ffff (NS_ERROR_UNEXPECTED)"  location: "JS frame :: chrome://remote/content/cdp/observers/TargetObserver.jsm :: stop :: line 64"  data: no] Stack trace: stop()@TargetObserver.jsm:64
unwatchForTabs()@TargetList.jsm:70
unwatchForTargets()@TargetList.jsm:37
destructor()@TargetList.jsm:109
stop()@CDP.jsm:104
close()@RemoteAgent.jsm:138
1661643181469	geckodriver	INFO	Listening on 127.0.0.1:36141
1661643181517	mozrunner::runner	INFO	Running command: "/bin/firefox-esr" "--marionette" "--remote-debugging-port" "45145" "--remote-allow-hosts" "localhost" "-no-remote" "-profile" "/tmp/rust_mozprofile2GdYy4"
1661643183149	Marionette	INFO	Marionette enabled
console.warn: SearchSettings: "get: No settings file exists, new profile?" (new NotFoundError("Could not open the file at /tmp/rust_mozprofile2GdYy4/search.json.mozlz4", (void 0)))
DevTools listening on ws://localhost:45145/devtools/browser/7288b3dc-a3ec-4909-90d0-77cda3ebc7a0
1661643192019	Marionette	INFO	Listening on port 39277
1661643192188	RemoteAgent	WARN	TLS certificate errors will be ignored for this session
1661643192198	RemoteAgent	INFO	Proxy settings initialised: {"proxyType":"manual","httpProxy":"127.0.0.1:35837","sslProxy":"127.0.0.1:35837"}

(firefox-esr:55830): GLib-GObject-WARNING **: 19:33:32.292: ../../../gobject/gsignal.c:3600: signal name 'load_complete' is invalid for instance '0x7f93dd8900b0' of type 'MaiAtkType139'

(firefox-esr:55830): GLib-GObject-WARNING **: 19:33:32.292: ../../../gobject/gsignal.c:3600: signal name 'load_complete' is invalid for instance '0x7f93dd8902f0' of type 'MaiAtkType139'
1661643239737	Marionette	INFO	Stopped listening on port 39277
JavaScript error: resource:///modules/Interactions.jsm, line 209: NS_ERROR_FAILURE: Component returned failure code: 0x80004005 (NS_ERROR_FAILURE) [nsIUserIdleService.removeIdleObserver]
!!! error running onStopped callback: TypeError: callback is not a function
JavaScript error: chrome://remote/content/marionette/cert.js, line 55: NS_ERROR_NOT_AVAILABLE: Component returned failure code: 0x80040111 (NS_ERROR_NOT_AVAILABLE) [nsICertOverrideService.setDisableAllSecurityChecksAndLetAttackersInterceptMyData]
1661643241516	RemoteAgent	ERROR	unable to stop listener: [Exception... "Component returned failure code: 0x8000ffff (NS_ERROR_UNEXPECTED) [nsIWindowMediator.getEnumerator]"  nsresult: "0x8000ffff (NS_ERROR_UNEXPECTED)"  location: "JS frame :: chrome://remote/content/cdp/observers/TargetObserver.jsm :: stop :: line 64"  data: no] Stack trace: stop()@TargetObserver.jsm:64
unwatchForTabs()@TargetList.jsm:70
unwatchForTargets()@TargetList.jsm:37
destructor()@TargetList.jsm:109
stop()@CDP.jsm:104
close()@RemoteAgent.jsm:138
1661643295605	geckodriver	INFO	Listening on 127.0.0.1:58547
1661643295656	mozrunner::runner	INFO	Running command: "/bin/firefox-esr" "--marionette" "--remote-debugging-port" "49215" "--remote-allow-hosts" "localhost" "-no-remote" "-profile" "/tmp/rust_mozprofileTLWZGn"
1661643297609	Marionette	INFO	Marionette enabled
console.warn: SearchSettings: "get: No settings file exists, new profile?" (new NotFoundError("Could not open the file at /tmp/rust_mozprofileTLWZGn/search.json.mozlz4", (void 0)))
DevTools listening on ws://localhost:49215/devtools/browser/38175a04-4802-4f70-a685-4375d4116871
1661643308058	Marionette	INFO	Listening on port 34179
1661643308134	RemoteAgent	WARN	TLS certificate errors will be ignored for this session
1661643308145	RemoteAgent	INFO	Proxy settings initialised: {"proxyType":"manual","httpProxy":"127.0.0.1:37313","sslProxy":"127.0.0.1:37313"}

(firefox-esr:56817): GLib-GObject-WARNING **: 19:35:25.924: ../../../gobject/gsignal.c:3600: signal name 'load_complete' is invalid for instance '0x7fa2a3e2c5f0' of type 'MaiAtkType139'

(firefox-esr:56817): GLib-GObject-WARNING **: 19:35:25.924: ../../../gobject/gsignal.c:3600: signal name 'load_complete' is invalid for instance '0x7fa2a3e2c650' of type 'MaiAtkType139'

(firefox-esr:56817): GLib-GObject-WARNING **: 19:35:27.681: ../../../gobject/gsignal.c:3600: signal name 'load_complete' is invalid for instance '0x7fa2a2e3f050' of type 'MaiAtkType139'
1661643344507	Marionette	INFO	Stopped listening on port 34179
JavaScript error: resource:///modules/Interactions.jsm, line 209: NS_ERROR_FAILURE: Component returned failure code: 0x80004005 (NS_ERROR_FAILURE) [nsIUserIdleService.removeIdleObserver]
!!! error running onStopped callback: TypeError: callback is not a function
JavaScript error: chrome://remote/content/marionette/cert.js, line 55: NS_ERROR_NOT_AVAILABLE: Component returned failure code: 0x80040111 (NS_ERROR_NOT_AVAILABLE) [nsICertOverrideService.setDisableAllSecurityChecksAndLetAttackersInterceptMyData]
1661643346439	RemoteAgent	ERROR	unable to stop listener: [Exception... "Component returned failure code: 0x8000ffff (NS_ERROR_UNEXPECTED) [nsIWindowMediator.getEnumerator]"  nsresult: "0x8000ffff (NS_ERROR_UNEXPECTED)"  location: "JS frame :: chrome://remote/content/cdp/observers/TargetObserver.jsm :: stop :: line 64"  data: no] Stack trace: stop()@TargetObserver.jsm:64
unwatchForTabs()@TargetList.jsm:70
unwatchForTargets()@TargetList.jsm:37
destructor()@TargetList.jsm:109
stop()@CDP.jsm:104
close()@RemoteAgent.jsm:138
1661643367224	geckodriver	INFO	Listening on 127.0.0.1:48075
1661643367743	mozrunner::runner	INFO	Running command: "/bin/firefox-esr" "--marionette" "--remote-debugging-port" "44845" "--remote-allow-hosts" "localhost" "-no-remote" "-profile" "/tmp/rust_mozprofileLmfxzA"
1661643369171	Marionette	INFO	Marionette enabled
console.warn: SearchSettings: "get: No settings file exists, new profile?" (new NotFoundError("Could not open the file at /tmp/rust_mozprofileLmfxzA/search.json.mozlz4", (void 0)))
DevTools listening on ws://localhost:44845/devtools/browser/029c7724-f461-4c18-8094-0a6af99dd40e
1661643379721	Marionette	INFO	Listening on port 34895
1661643379864	RemoteAgent	WARN	TLS certificate errors will be ignored for this session
1661643379874	RemoteAgent	INFO	Proxy settings initialised: {"proxyType":"manual","httpProxy":"127.0.0.1:38477","sslProxy":"127.0.0.1:38477"}
1661643399361	Marionette	INFO	Stopped listening on port 34895
JavaScript error: resource:///modules/Interactions.jsm, line 209: NS_ERROR_FAILURE: Component returned failure code: 0x80004005 (NS_ERROR_FAILURE) [nsIUserIdleService.removeIdleObserver]
JavaScript error: chrome://remote/content/marionette/cert.js, line 55: NS_ERROR_NOT_AVAILABLE: Component returned failure code: 0x80040111 (NS_ERROR_NOT_AVAILABLE) [nsICertOverrideService.setDisableAllSecurityChecksAndLetAttackersInterceptMyData]
!!! error running onStopped callback: TypeError: callback is not a function

###!!! [Parent][RunMessage] Error: Channel closing: too late to send/recv, messages will be lost

1661643400720	RemoteAgent	ERROR	unable to stop listener: [Exception... "Component returned failure code: 0x8000ffff (NS_ERROR_UNEXPECTED) [nsIWindowMediator.getEnumerator]"  nsresult: "0x8000ffff (NS_ERROR_UNEXPECTED)"  location: "JS frame :: chrome://remote/content/cdp/observers/TargetObserver.jsm :: stop :: line 64"  data: no] Stack trace: stop()@TargetObserver.jsm:64
unwatchForTabs()@TargetList.jsm:70
unwatchForTargets()@TargetList.jsm:37
destructor()@TargetList.jsm:109
stop()@CDP.jsm:104
close()@RemoteAgent.jsm:138
1661643438248	geckodriver	INFO	Listening on 127.0.0.1:54809
1661643438764	mozrunner::runner	INFO	Running command: "/bin/firefox-esr" "--marionette" "--remote-debugging-port" "37079" "--remote-allow-hosts" "localhost" "-no-remote" "-profile" "/tmp/rust_mozprofilev1MXp6"
1661643440318	Marionette	INFO	Marionette enabled
console.warn: SearchSettings: "get: No settings file exists, new profile?" (new NotFoundError("Could not open the file at /tmp/rust_mozprofilev1MXp6/search.json.mozlz4", (void 0)))
DevTools listening on ws://localhost:37079/devtools/browser/22d9689f-13c5-40b5-817d-987c57ec58f2
1661643448590	Marionette	INFO	Listening on port 45743
1661643448764	RemoteAgent	WARN	TLS certificate errors will be ignored for this session
1661643448774	RemoteAgent	INFO	Proxy settings initialised: {"proxyType":"manual","httpProxy":"127.0.0.1:44617","sslProxy":"127.0.0.1:44617"}

(firefox-esr:58235): GLib-GObject-WARNING **: 19:37:44.681: ../../../gobject/gsignal.c:3600: signal name 'load_complete' is invalid for instance '0x7fde15b65290' of type 'MaiAtkType139'

(firefox-esr:58235): GLib-GObject-WARNING **: 19:37:44.681: ../../../gobject/gsignal.c:3600: signal name 'load_complete' is invalid for instance '0x7fde15b65a70' of type 'MaiAtkType139'

(firefox-esr:58235): GLib-GObject-WARNING **: 19:37:45.847: ../../../gobject/gsignal.c:3600: signal name 'load_complete' is invalid for instance '0x7fde29ad0950' of type 'MaiAtkType139'
JavaScript error: resource://devtools/server/actors/resources/network-events-content.js, line 64: TypeError: subject is null
Exiting due to channel error.
Exiting due to channel error.
Exiting due to channel error.
1661643520725	geckodriver	INFO	Listening on 127.0.0.1:34293
1661643521233	mozrunner::runner	INFO	Running command: "/bin/firefox-esr" "--marionette" "--remote-debugging-port" "36823" "--remote-allow-hosts" "localhost" "-no-remote" "-profile" "/tmp/rust_mozprofilex29g51"
1661643523288	Marionette	INFO	Marionette enabled
console.warn: SearchSettings: "get: No settings file exists, new profile?" (new NotFoundError("Could not open the file at /tmp/rust_mozprofilex29g51/search.json.mozlz4", (void 0)))
DevTools listening on ws://localhost:36823/devtools/browser/bd300aa1-1aee-439f-8681-ea8cebc3c51e
1661643532920	Marionette	INFO	Listening on port 46765
1661643533096	RemoteAgent	WARN	TLS certificate errors will be ignored for this session
1661643533104	RemoteAgent	INFO	Proxy settings initialised: {"proxyType":"manual","httpProxy":"127.0.0.1:42315","sslProxy":"127.0.0.1:42315"}

(firefox-esr:59033): GLib-GObject-WARNING **: 19:39:08.483: ../../../gobject/gsignal.c:3600: signal name 'load_complete' is invalid for instance '0x7f02d6751290' of type 'MaiAtkType139'

(firefox-esr:59033): GLib-GObject-WARNING **: 19:39:08.483: ../../../gobject/gsignal.c:3600: signal name 'load_complete' is invalid for instance '0x7f02d6751b90' of type 'MaiAtkType139'

(firefox-esr:59033): GLib-GObject-WARNING **: 19:39:09.218: ../../../gobject/gsignal.c:3600: signal name 'load_complete' is invalid for instance '0x7f02d70aa410' of type 'MaiAtkType139'
1661643553776	Marionette	INFO	Stopped listening on port 46765
JavaScript error: resource:///modules/Interactions.jsm, line 209: NS_ERROR_FAILURE: Component returned failure code: 0x80004005 (NS_ERROR_FAILURE) [nsIUserIdleService.removeIdleObserver]
JavaScript error: chrome://remote/content/marionette/cert.js, line 55: NS_ERROR_NOT_AVAILABLE: Component returned failure code: 0x80040111 (NS_ERROR_NOT_AVAILABLE) [nsICertOverrideService.setDisableAllSecurityChecksAndLetAttackersInterceptMyData]
!!! error running onStopped callback: TypeError: callback is not a function

###!!! [Parent][RunMessage] Error: Channel closing: too late to send/recv, messages will be lost

1661643555701	RemoteAgent	ERROR	unable to stop listener: [Exception... "Component returned failure code: 0x8000ffff (NS_ERROR_UNEXPECTED) [nsIWindowMediator.getEnumerator]"  nsresult: "0x8000ffff (NS_ERROR_UNEXPECTED)"  location: "JS frame :: chrome://remote/content/cdp/observers/TargetObserver.jsm :: stop :: line 64"  data: no] Stack trace: stop()@TargetObserver.jsm:64
unwatchForTabs()@TargetList.jsm:70
unwatchForTargets()@TargetList.jsm:37
destructor()@TargetList.jsm:109
stop()@CDP.jsm:104
close()@RemoteAgent.jsm:138
1661643640520	geckodriver	INFO	Listening on 127.0.0.1:38577
1661643640540	mozrunner::runner	INFO	Running command: "/bin/firefox-esr" "--marionette" "--remote-debugging-port" "59147" "--remote-allow-hosts" "localhost" "-no-remote" "-profile" "/tmp/rust_mozprofileRlbpO7"
1661643643226	Marionette	INFO	Marionette enabled
console.warn: SearchSettings: "get: No settings file exists, new profile?" (new NotFoundError("Could not open the file at /tmp/rust_mozprofileRlbpO7/search.json.mozlz4", (void 0)))
DevTools listening on ws://localhost:59147/devtools/browser/0bdad8db-8cac-45a1-bc43-fc95e5139ec3
1661643652355	Marionette	INFO	Listening on port 38255
1661643652496	RemoteAgent	WARN	TLS certificate errors will be ignored for this session
1661643652506	RemoteAgent	INFO	Proxy settings initialised: {"proxyType":"manual","httpProxy":"127.0.0.1:35153","sslProxy":"127.0.0.1:35153"}

(firefox-esr:59969): GLib-GObject-WARNING **: 19:41:09.623: ../../../gobject/gsignal.c:3600: signal name 'load_complete' is invalid for instance '0x7f37a8314770' of type 'MaiAtkType139'

(firefox-esr:59969): GLib-GObject-WARNING **: 19:41:09.623: ../../../gobject/gsignal.c:3600: signal name 'load_complete' is invalid for instance '0x7f37a83147d0' of type 'MaiAtkType139'

(firefox-esr:59969): GLib-GObject-WARNING **: 19:41:11.061: ../../../gobject/gsignal.c:3600: signal name 'load_complete' is invalid for instance '0x7f37a86f89b0' of type 'MaiAtkType139'

(firefox-esr:59969): GLib-GObject-WARNING **: 19:42:43.669: ../../../gobject/gsignal.c:3600: signal name 'load_complete' is invalid for instance '0x7f37b1f6e2f0' of type 'MaiAtkType139'
1661643822537	Marionette	INFO	Stopped listening on port 38255
JavaScript error: resource:///modules/Interactions.jsm, line 209: NS_ERROR_FAILURE: Component returned failure code: 0x80004005 (NS_ERROR_FAILURE) [nsIUserIdleService.removeIdleObserver]
JavaScript error: chrome://remote/content/marionette/cert.js, line 55: NS_ERROR_NOT_AVAILABLE: Component returned failure code: 0x80040111 (NS_ERROR_NOT_AVAILABLE) [nsICertOverrideService.setDisableAllSecurityChecksAndLetAttackersInterceptMyData]
!!! error running onStopped callback: TypeError: callback is not a function
1661643824314	RemoteAgent	ERROR	unable to stop listener: [Exception... "Component returned failure code: 0x8000ffff (NS_ERROR_UNEXPECTED) [nsIWindowMediator.getEnumerator]"  nsresult: "0x8000ffff (NS_ERROR_UNEXPECTED)"  location: "JS frame :: chrome://remote/content/cdp/observers/TargetObserver.jsm :: stop :: line 64"  data: no] Stack trace: stop()@TargetObserver.jsm:64
unwatchForTabs()@TargetList.jsm:70
unwatchForTargets()@TargetList.jsm:37
destructor()@TargetList.jsm:109
stop()@CDP.jsm:104
close()@RemoteAgent.jsm:138
1661643830889	geckodriver	INFO	Listening on 127.0.0.1:41577
1661643830925	mozrunner::runner	INFO	Running command: "/bin/firefox-esr" "--marionette" "--remote-debugging-port" "51881" "--remote-allow-hosts" "localhost" "-no-remote" "-profile" "/tmp/rust_mozprofileex7TaF"
1661643832855	Marionette	INFO	Marionette enabled
console.warn: SearchSettings: "get: No settings file exists, new profile?" (new NotFoundError("Could not open the file at /tmp/rust_mozprofileex7TaF/search.json.mozlz4", (void 0)))
DevTools listening on ws://localhost:51881/devtools/browser/9fe2fa23-bb94-4af4-8911-fb23b1563f38
1661643841118	Marionette	INFO	Listening on port 42049
1661643841234	RemoteAgent	WARN	TLS certificate errors will be ignored for this session
1661643841247	RemoteAgent	INFO	Proxy settings initialised: {"proxyType":"manual","httpProxy":"127.0.0.1:34289","sslProxy":"127.0.0.1:34289"}
1661643861748	Marionette	INFO	Stopped listening on port 42049
JavaScript error: resource:///modules/Interactions.jsm, line 209: NS_ERROR_FAILURE: Component returned failure code: 0x80004005 (NS_ERROR_FAILURE) [nsIUserIdleService.removeIdleObserver]
JavaScript error: chrome://remote/content/marionette/cert.js, line 55: NS_ERROR_NOT_AVAILABLE: Component returned failure code: 0x80040111 (NS_ERROR_NOT_AVAILABLE) [nsICertOverrideService.setDisableAllSecurityChecksAndLetAttackersInterceptMyData]
!!! error running onStopped callback: TypeError: callback is not a function

###!!! [Parent][RunMessage] Error: Channel closing: too late to send/recv, messages will be lost

1661643863284	RemoteAgent	ERROR	unable to stop listener: [Exception... "Component returned failure code: 0x8000ffff (NS_ERROR_UNEXPECTED) [nsIWindowMediator.getEnumerator]"  nsresult: "0x8000ffff (NS_ERROR_UNEXPECTED)"  location: "JS frame :: chrome://remote/content/cdp/observers/TargetObserver.jsm :: stop :: line 64"  data: no] Stack trace: stop()@TargetObserver.jsm:64
unwatchForTabs()@TargetList.jsm:70
unwatchForTargets()@TargetList.jsm:37
destructor()@TargetList.jsm:109
stop()@CDP.jsm:104
close()@RemoteAgent.jsm:138
1661643882440	geckodriver	INFO	Listening on 127.0.0.1:33301
1661643882464	mozrunner::runner	INFO	Running command: "/bin/firefox-esr" "--marionette" "--remote-debugging-port" "38645" "--remote-allow-hosts" "localhost" "-no-remote" "-profile" "/tmp/rust_mozprofile3T5ycW"
1661643883705	Marionette	INFO	Marionette enabled
console.warn: SearchSettings: "get: No settings file exists, new profile?" (new NotFoundError("Could not open the file at /tmp/rust_mozprofile3T5ycW/search.json.mozlz4", (void 0)))
DevTools listening on ws://localhost:38645/devtools/browser/05896f0f-b8b1-4989-b6e3-3a5c64bc0115
1661643891517	Marionette	INFO	Listening on port 34763
1661643891660	RemoteAgent	WARN	TLS certificate errors will be ignored for this session
1661643891674	RemoteAgent	INFO	Proxy settings initialised: {"proxyType":"manual","httpProxy":"127.0.0.1:36501","sslProxy":"127.0.0.1:36501"}

(firefox-esr:61682): GLib-GObject-WARNING **: 19:45:21.614: ../../../gobject/gsignal.c:3600: signal name 'load_complete' is invalid for instance '0x7f4358d840b0' of type 'MaiAtkType139'

(firefox-esr:61682): GLib-GObject-WARNING **: 19:45:21.614: ../../../gobject/gsignal.c:3600: signal name 'load_complete' is invalid for instance '0x7f4358d847d0' of type 'MaiAtkType139'

(firefox-esr:61682): GLib-GObject-WARNING **: 19:45:22.639: ../../../gobject/gsignal.c:3600: signal name 'load_complete' is invalid for instance '0x7f43574a4a10' of type 'MaiAtkType139'
Exiting due to channel error.
Exiting due to channel error.
Exiting due to channel error.
1661644013546	geckodriver	INFO	Listening on 127.0.0.1:46215
1661644013582	mozrunner::runner	INFO	Running command: "/bin/firefox-esr" "--marionette" "--remote-debugging-port" "50397" "--remote-allow-hosts" "localhost" "-no-remote" "-profile" "/tmp/rust_mozprofileG2y0Ui"
1661644015637	Marionette	INFO	Marionette enabled
console.warn: SearchSettings: "get: No settings file exists, new profile?" (new NotFoundError("Could not open the file at /tmp/rust_mozprofileG2y0Ui/search.json.mozlz4", (void 0)))
DevTools listening on ws://localhost:50397/devtools/browser/54a912e2-673f-453d-99f1-6349b214b4f7
1661644024749	Marionette	INFO	Listening on port 44481
1661644024916	RemoteAgent	WARN	TLS certificate errors will be ignored for this session
1661644024931	RemoteAgent	INFO	Proxy settings initialised: {"proxyType":"manual","httpProxy":"127.0.0.1:40767","sslProxy":"127.0.0.1:40767"}
1661644040392	Marionette	INFO	Stopped listening on port 44481
JavaScript error: resource:///modules/Interactions.jsm, line 209: NS_ERROR_FAILURE: Component returned failure code: 0x80004005 (NS_ERROR_FAILURE) [nsIUserIdleService.removeIdleObserver]
!!! error running onStopped callback: TypeError: callback is not a function
JavaScript error: chrome://remote/content/marionette/cert.js, line 55: NS_ERROR_NOT_AVAILABLE: Component returned failure code: 0x80040111 (NS_ERROR_NOT_AVAILABLE) [nsICertOverrideService.setDisableAllSecurityChecksAndLetAttackersInterceptMyData]

###!!! [Parent][RunMessage] Error: Channel closing: too late to send/recv, messages will be lost

1661644041613	RemoteAgent	ERROR	unable to stop listener: [Exception... "Component returned failure code: 0x8000ffff (NS_ERROR_UNEXPECTED) [nsIWindowMediator.getEnumerator]"  nsresult: "0x8000ffff (NS_ERROR_UNEXPECTED)"  location: "JS frame :: chrome://remote/content/cdp/observers/TargetObserver.jsm :: stop :: line 64"  data: no] Stack trace: stop()@TargetObserver.jsm:64
unwatchForTabs()@TargetList.jsm:70
unwatchForTargets()@TargetList.jsm:37
destructor()@TargetList.jsm:109
stop()@CDP.jsm:104
close()@RemoteAgent.jsm:138
1661644078628	geckodriver	INFO	Listening on 127.0.0.1:55345
1661644079168	mozrunner::runner	INFO	Running command: "/bin/firefox-esr" "--marionette" "--remote-debugging-port" "55709" "--remote-allow-hosts" "localhost" "-no-remote" "-profile" "/tmp/rust_mozprofileqQovjh"
1661644080962	Marionette	INFO	Marionette enabled
console.warn: SearchSettings: "get: No settings file exists, new profile?" (new NotFoundError("Could not open the file at /tmp/rust_mozprofileqQovjh/search.json.mozlz4", (void 0)))
DevTools listening on ws://localhost:55709/devtools/browser/f0671db7-1a41-4266-b088-0a08afad62a6
1661644090160	Marionette	INFO	Listening on port 40725
1661644090251	RemoteAgent	WARN	TLS certificate errors will be ignored for this session
1661644090262	RemoteAgent	INFO	Proxy settings initialised: {"proxyType":"manual","httpProxy":"127.0.0.1:38075","sslProxy":"127.0.0.1:38075"}

(firefox-esr:63266): GLib-GObject-WARNING **: 19:49:26.082: ../../../gobject/gsignal.c:3600: signal name 'load_complete' is invalid for instance '0x7ffb707414d0' of type 'MaiAtkType139'

(firefox-esr:63266): GLib-GObject-WARNING **: 19:49:26.082: ../../../gobject/gsignal.c:3600: signal name 'load_complete' is invalid for instance '0x7ffb70741110' of type 'MaiAtkType139'

(firefox-esr:63266): GLib-GObject-WARNING **: 19:49:35.175: ../../../gobject/gsignal.c:3600: signal name 'load_complete' is invalid for instance '0x7ffb6d5387d0' of type 'MaiAtkType139'
Exiting due to channel error.
Exiting due to channel error.
Exiting due to channel error.
1661644208863	geckodriver	INFO	Listening on 127.0.0.1:41575
1661644208886	mozrunner::runner	INFO	Running command: "/bin/firefox-esr" "--marionette" "--remote-debugging-port" "47863" "--remote-allow-hosts" "localhost" "-no-remote" "-profile" "/tmp/rust_mozprofile6ZFz9R"
1661644210792	Marionette	INFO	Marionette enabled
console.warn: SearchSettings: "get: No settings file exists, new profile?" (new NotFoundError("Could not open the file at /tmp/rust_mozprofile6ZFz9R/search.json.mozlz4", (void 0)))
DevTools listening on ws://localhost:47863/devtools/browser/2cf8ccaf-d59e-4411-adfa-6a5080ac123f
1661644221001	Marionette	INFO	Listening on port 37427
1661644221263	RemoteAgent	WARN	TLS certificate errors will be ignored for this session
1661644221294	RemoteAgent	INFO	Proxy settings initialised: {"proxyType":"manual","httpProxy":"127.0.0.1:40509","sslProxy":"127.0.0.1:40509"}
1661644231230	Marionette	INFO	Stopped listening on port 37427
JavaScript error: resource:///modules/Interactions.jsm, line 209: NS_ERROR_FAILURE: Component returned failure code: 0x80004005 (NS_ERROR_FAILURE) [nsIUserIdleService.removeIdleObserver]
!!! error running onStopped callback: TypeError: callback is not a function
JavaScript error: chrome://remote/content/marionette/cert.js, line 55: NS_ERROR_NOT_AVAILABLE: Component returned failure code: 0x80040111 (NS_ERROR_NOT_AVAILABLE) [nsICertOverrideService.setDisableAllSecurityChecksAndLetAttackersInterceptMyData]
1661644232888	RemoteAgent	ERROR	unable to stop listener: [Exception... "Component returned failure code: 0x8000ffff (NS_ERROR_UNEXPECTED) [nsIWindowMediator.getEnumerator]"  nsresult: "0x8000ffff (NS_ERROR_UNEXPECTED)"  location: "JS frame :: chrome://remote/content/cdp/observers/TargetObserver.jsm :: stop :: line 64"  data: no] Stack trace: stop()@TargetObserver.jsm:64
unwatchForTabs()@TargetList.jsm:70
unwatchForTargets()@TargetList.jsm:37
destructor()@TargetList.jsm:109
stop()@CDP.jsm:104
close()@RemoteAgent.jsm:138
1661644313418	geckodriver	INFO	Listening on 127.0.0.1:35193
1661644313965	mozrunner::runner	INFO	Running command: "/bin/firefox-esr" "--marionette" "--remote-debugging-port" "58455" "--remote-allow-hosts" "localhost" "-no-remote" "-profile" "/tmp/rust_mozprofileKBRb4G"
1661644315677	Marionette	INFO	Marionette enabled
console.warn: SearchSettings: "get: No settings file exists, new profile?" (new NotFoundError("Could not open the file at /tmp/rust_mozprofileKBRb4G/search.json.mozlz4", (void 0)))
DevTools listening on ws://localhost:58455/devtools/browser/c8b0a130-62ac-47a3-b70d-dfc2911cf200
1661644324021	Marionette	INFO	Listening on port 44815
1661644324174	RemoteAgent	WARN	TLS certificate errors will be ignored for this session
1661644324182	RemoteAgent	INFO	Proxy settings initialised: {"proxyType":"manual","httpProxy":"127.0.0.1:40059","sslProxy":"127.0.0.1:40059"}
JavaScript error: https://www.deviceinfo.me/, line 236: ReferenceError: timezoneInject is not defined

(firefox-esr:65168): GLib-GObject-WARNING **: 19:52:34.259: ../../../gobject/gsignal.c:3600: signal name 'load_complete' is invalid for instance '0x7f2358f11c50' of type 'MaiAtkType139'

(firefox-esr:65168): GLib-GObject-WARNING **: 19:52:34.259: ../../../gobject/gsignal.c:3600: signal name 'load_complete' is invalid for instance '0x7f2358f11cb0' of type 'MaiAtkType139'
1661644367304	Marionette	INFO	Stopped listening on port 44815
JavaScript error: resource:///modules/Interactions.jsm, line 209: NS_ERROR_FAILURE: Component returned failure code: 0x80004005 (NS_ERROR_FAILURE) [nsIUserIdleService.removeIdleObserver]
!!! error running onStopped callback: TypeError: callback is not a function
JavaScript error: chrome://remote/content/marionette/cert.js, line 55: NS_ERROR_NOT_AVAILABLE: Component returned failure code: 0x80040111 (NS_ERROR_NOT_AVAILABLE) [nsICertOverrideService.setDisableAllSecurityChecksAndLetAttackersInterceptMyData]
1661644369584	RemoteAgent	ERROR	unable to stop listener: [Exception... "Component returned failure code: 0x8000ffff (NS_ERROR_UNEXPECTED) [nsIWindowMediator.getEnumerator]"  nsresult: "0x8000ffff (NS_ERROR_UNEXPECTED)"  location: "JS frame :: chrome://remote/content/cdp/observers/TargetObserver.jsm :: stop :: line 64"  data: no] Stack trace: stop()@TargetObserver.jsm:64
unwatchForTabs()@TargetList.jsm:70
unwatchForTargets()@TargetList.jsm:37
destructor()@TargetList.jsm:109
stop()@CDP.jsm:104
close()@RemoteAgent.jsm:138
1661644388833	geckodriver	INFO	Listening on 127.0.0.1:45265
1661644389353	mozrunner::runner	INFO	Running command: "/bin/firefox-esr" "--marionette" "--remote-debugging-port" "51167" "--remote-allow-hosts" "localhost" "-no-remote" "-profile" "/tmp/rust_mozprofileOBpAys"
1661644391002	Marionette	INFO	Marionette enabled
console.warn: SearchSettings: "get: No settings file exists, new profile?" (new NotFoundError("Could not open the file at /tmp/rust_mozprofileOBpAys/search.json.mozlz4", (void 0)))
DevTools listening on ws://localhost:51167/devtools/browser/7d5e95d7-e829-4ccf-a0d3-d99f1ee78386
1661644398224	Marionette	INFO	Listening on port 38857
1661644398463	RemoteAgent	WARN	TLS certificate errors will be ignored for this session
1661644398478	RemoteAgent	INFO	Proxy settings initialised: {"proxyType":"manual","httpProxy":"127.0.0.1:42783","sslProxy":"127.0.0.1:42783"}
JavaScript error: https://www.deviceinfo.me/, line 208: ReferenceError: timezoneInject is not defined
1661644420801	Marionette	INFO	Stopped listening on port 38857
JavaScript error: resource:///modules/Interactions.jsm, line 209: NS_ERROR_FAILURE: Component returned failure code: 0x80004005 (NS_ERROR_FAILURE) [nsIUserIdleService.removeIdleObserver]
!!! error running onStopped callback: TypeError: callback is not a function
JavaScript error: chrome://remote/content/marionette/cert.js, line 55: NS_ERROR_NOT_AVAILABLE: Component returned failure code: 0x80040111 (NS_ERROR_NOT_AVAILABLE) [nsICertOverrideService.setDisableAllSecurityChecksAndLetAttackersInterceptMyData]
JavaScript error: resource://gre/modules/PromiseWorker.jsm, line 106: Error: IOUtils: Shutting down and refusing additional I/O tasks
1661644422608	RemoteAgent	ERROR	unable to stop listener: [Exception... "Component returned failure code: 0x8000ffff (NS_ERROR_UNEXPECTED) [nsIWindowMediator.getEnumerator]"  nsresult: "0x8000ffff (NS_ERROR_UNEXPECTED)"  location: "JS frame :: chrome://remote/content/cdp/observers/TargetObserver.jsm :: stop :: line 64"  data: no] Stack trace: stop()@TargetObserver.jsm:64
unwatchForTabs()@TargetList.jsm:70
unwatchForTargets()@TargetList.jsm:37
destructor()@TargetList.jsm:109
stop()@CDP.jsm:104
close()@RemoteAgent.jsm:138
1661644447776	geckodriver	INFO	Listening on 127.0.0.1:42203
1661644447803	mozrunner::runner	INFO	Running command: "/bin/firefox-esr" "--marionette" "--remote-debugging-port" "51073" "--remote-allow-hosts" "localhost" "-no-remote" "-profile" "/tmp/rust_mozprofilezc82yF"
1661644448983	Marionette	INFO	Marionette enabled
console.warn: SearchSettings: "get: No settings file exists, new profile?" (new NotFoundError("Could not open the file at /tmp/rust_mozprofilezc82yF/search.json.mozlz4", (void 0)))
DevTools listening on ws://localhost:51073/devtools/browser/d14a220d-8639-49ba-b644-29f3db206d03
1661644456304	Marionette	INFO	Listening on port 43189
1661644456503	RemoteAgent	WARN	TLS certificate errors will be ignored for this session
1661644456515	RemoteAgent	INFO	Proxy settings initialised: {"proxyType":"manual","httpProxy":"127.0.0.1:34365","sslProxy":"127.0.0.1:34365"}
1661644468012	Marionette	INFO	Stopped listening on port 43189
JavaScript error: resource:///modules/Interactions.jsm, line 209: NS_ERROR_FAILURE: Component returned failure code: 0x80004005 (NS_ERROR_FAILURE) [nsIUserIdleService.removeIdleObserver]
JavaScript error: chrome://remote/content/marionette/cert.js, line 55: NS_ERROR_NOT_AVAILABLE: Component returned failure code: 0x80040111 (NS_ERROR_NOT_AVAILABLE) [nsICertOverrideService.setDisableAllSecurityChecksAndLetAttackersInterceptMyData]
!!! error running onStopped callback: TypeError: callback is not a function

###!!! [Parent][RunMessage] Error: Channel closing: too late to send/recv, messages will be lost

1661644469557	RemoteAgent	ERROR	unable to stop listener: [Exception... "Component returned failure code: 0x8000ffff (NS_ERROR_UNEXPECTED) [nsIWindowMediator.getEnumerator]"  nsresult: "0x8000ffff (NS_ERROR_UNEXPECTED)"  location: "JS frame :: chrome://remote/content/cdp/observers/TargetObserver.jsm :: stop :: line 64"  data: no] Stack trace: stop()@TargetObserver.jsm:64
unwatchForTabs()@TargetList.jsm:70
unwatchForTargets()@TargetList.jsm:37
destructor()@TargetList.jsm:109
stop()@CDP.jsm:104
close()@RemoteAgent.jsm:138
1661644489246	geckodriver	INFO	Listening on 127.0.0.1:41111
1661644489274	mozrunner::runner	INFO	Running command: "/bin/firefox-esr" "--marionette" "--remote-debugging-port" "60769" "--remote-allow-hosts" "localhost" "-no-remote" "-profile" "/tmp/rust_mozprofilegHHLT6"
1661644490747	Marionette	INFO	Marionette enabled
console.warn: SearchSettings: "get: No settings file exists, new profile?" (new NotFoundError("Could not open the file at /tmp/rust_mozprofilegHHLT6/search.json.mozlz4", (void 0)))
DevTools listening on ws://localhost:60769/devtools/browser/780112c8-72d1-4364-b568-44e371fe7dd7
1661644497624	Marionette	INFO	Listening on port 45783
1661644497914	RemoteAgent	WARN	TLS certificate errors will be ignored for this session
1661644497938	RemoteAgent	INFO	Proxy settings initialised: {"proxyType":"manual","httpProxy":"127.0.0.1:36651","sslProxy":"127.0.0.1:36651"}
JavaScript error: https://www.deviceinfo.me/, line 105: ReferenceError: timezoneInject is not defined
1661644517010	Marionette	INFO	Stopped listening on port 45783
JavaScript error: resource:///modules/Interactions.jsm, line 209: NS_ERROR_FAILURE: Component returned failure code: 0x80004005 (NS_ERROR_FAILURE) [nsIUserIdleService.removeIdleObserver]
!!! error running onStopped callback: TypeError: callback is not a function
JavaScript error: chrome://remote/content/marionette/cert.js, line 55: NS_ERROR_NOT_AVAILABLE: Component returned failure code: 0x80040111 (NS_ERROR_NOT_AVAILABLE) [nsICertOverrideService.setDisableAllSecurityChecksAndLetAttackersInterceptMyData]

###!!! [Parent][RunMessage] Error: Channel closing: too late to send/recv, messages will be lost

1661644518506	RemoteAgent	ERROR	unable to stop listener: [Exception... "Component returned failure code: 0x8000ffff (NS_ERROR_UNEXPECTED) [nsIWindowMediator.getEnumerator]"  nsresult: "0x8000ffff (NS_ERROR_UNEXPECTED)"  location: "JS frame :: chrome://remote/content/cdp/observers/TargetObserver.jsm :: stop :: line 64"  data: no] Stack trace: stop()@TargetObserver.jsm:64
unwatchForTabs()@TargetList.jsm:70
unwatchForTargets()@TargetList.jsm:37
destructor()@TargetList.jsm:109
stop()@CDP.jsm:104
close()@RemoteAgent.jsm:138
1661644540103	geckodriver	INFO	Listening on 127.0.0.1:59033
1661644540612	mozrunner::runner	INFO	Running command: "/bin/firefox-esr" "--marionette" "--remote-debugging-port" "60679" "--remote-allow-hosts" "localhost" "-no-remote" "-profile" "/tmp/rust_mozprofileamaHLu"
1661644541820	Marionette	INFO	Marionette enabled
console.warn: SearchSettings: "get: No settings file exists, new profile?" (new NotFoundError("Could not open the file at /tmp/rust_mozprofileamaHLu/search.json.mozlz4", (void 0)))
DevTools listening on ws://localhost:60679/devtools/browser/57117304-de0e-44d1-a85d-e2bb1664efa9
1661644548652	Marionette	INFO	Listening on port 41103
1661644548754	RemoteAgent	WARN	TLS certificate errors will be ignored for this session
1661644548764	RemoteAgent	INFO	Proxy settings initialised: {"proxyType":"manual","httpProxy":"127.0.0.1:41651","sslProxy":"127.0.0.1:41651"}
JavaScript error: https://www.deviceinfo.me/, line 61: ReferenceError: timezoneInject is not defined
1661644566007	Marionette	INFO	Stopped listening on port 41103
JavaScript error: resource:///modules/Interactions.jsm, line 209: NS_ERROR_FAILURE: Component returned failure code: 0x80004005 (NS_ERROR_FAILURE) [nsIUserIdleService.removeIdleObserver]
!!! error running onStopped callback: TypeError: callback is not a function
JavaScript error: chrome://remote/content/marionette/cert.js, line 55: NS_ERROR_NOT_AVAILABLE: Component returned failure code: 0x80040111 (NS_ERROR_NOT_AVAILABLE) [nsICertOverrideService.setDisableAllSecurityChecksAndLetAttackersInterceptMyData]
1661644567607	RemoteAgent	ERROR	unable to stop listener: [Exception... "Component returned failure code: 0x8000ffff (NS_ERROR_UNEXPECTED) [nsIWindowMediator.getEnumerator]"  nsresult: "0x8000ffff (NS_ERROR_UNEXPECTED)"  location: "JS frame :: chrome://remote/content/cdp/observers/TargetObserver.jsm :: stop :: line 64"  data: no] Stack trace: stop()@TargetObserver.jsm:64
unwatchForTabs()@TargetList.jsm:70
unwatchForTargets()@TargetList.jsm:37
destructor()@TargetList.jsm:109
stop()@CDP.jsm:104
close()@RemoteAgent.jsm:138
1661644595892	geckodriver	INFO	Listening on 127.0.0.1:54997
1661644596361	mozrunner::runner	INFO	Running command: "/bin/firefox-esr" "--marionette" "--remote-debugging-port" "33651" "--remote-allow-hosts" "localhost" "-no-remote" "-profile" "/tmp/rust_mozprofileZnS8ut"
1661644598250	Marionette	INFO	Marionette enabled
console.warn: SearchSettings: "get: No settings file exists, new profile?" (new NotFoundError("Could not open the file at /tmp/rust_mozprofileZnS8ut/search.json.mozlz4", (void 0)))
DevTools listening on ws://localhost:33651/devtools/browser/33b82314-86e2-417a-a6a2-48c6971127fa
1661644605111	Marionette	INFO	Listening on port 41453
1661644605217	RemoteAgent	WARN	TLS certificate errors will be ignored for this session
1661644605243	RemoteAgent	INFO	Proxy settings initialised: {"proxyType":"manual","httpProxy":"127.0.0.1:37867","sslProxy":"127.0.0.1:37867"}
JavaScript error: https://www.deviceinfo.me/, line 14: ReferenceError: timezoneInject is not defined

(firefox-esr:68097): GLib-GObject-WARNING **: 19:57:01.692: ../../../gobject/gsignal.c:3600: signal name 'load_complete' is invalid for instance '0x7fc809ab3770' of type 'MaiAtkType139'

(firefox-esr:68097): GLib-GObject-WARNING **: 19:57:01.692: ../../../gobject/gsignal.c:3600: signal name 'load_complete' is invalid for instance '0x7fc809ab3470' of type 'MaiAtkType139'

(firefox-esr:68097): GLib-GObject-WARNING **: 19:57:05.503: ../../../gobject/gsignal.c:3600: signal name 'load_complete' is invalid for instance '0x7fc808563710' of type 'MaiAtkType139'
1661644645985	Marionette	INFO	Stopped listening on port 41453
JavaScript error: resource:///modules/Interactions.jsm, line 209: NS_ERROR_FAILURE: Component returned failure code: 0x80004005 (NS_ERROR_FAILURE) [nsIUserIdleService.removeIdleObserver]
!!! error running onStopped callback: TypeError: callback is not a function
JavaScript error: chrome://remote/content/marionette/cert.js, line 55: NS_ERROR_NOT_AVAILABLE: Component returned failure code: 0x80040111 (NS_ERROR_NOT_AVAILABLE) [nsICertOverrideService.setDisableAllSecurityChecksAndLetAttackersInterceptMyData]
1661644648093	RemoteAgent	ERROR	unable to stop listener: [Exception... "Component returned failure code: 0x8000ffff (NS_ERROR_UNEXPECTED) [nsIWindowMediator.getEnumerator]"  nsresult: "0x8000ffff (NS_ERROR_UNEXPECTED)"  location: "JS frame :: chrome://remote/content/cdp/observers/TargetObserver.jsm :: stop :: line 64"  data: no] Stack trace: stop()@TargetObserver.jsm:64
unwatchForTabs()@TargetList.jsm:70
unwatchForTargets()@TargetList.jsm:37
destructor()@TargetList.jsm:109
stop()@CDP.jsm:104
close()@RemoteAgent.jsm:138
1661644752176	geckodriver	INFO	Listening on 127.0.0.1:43011
1661644752692	mozrunner::runner	INFO	Running command: "/bin/firefox-esr" "--marionette" "--remote-debugging-port" "52293" "--remote-allow-hosts" "localhost" "-no-remote" "-profile" "/tmp/rust_mozprofileSVuusl"
1661644754397	Marionette	INFO	Marionette enabled
console.warn: SearchSettings: "get: No settings file exists, new profile?" (new NotFoundError("Could not open the file at /tmp/rust_mozprofileSVuusl/search.json.mozlz4", (void 0)))
DevTools listening on ws://localhost:52293/devtools/browser/7313429b-81ce-44d0-aa68-b29524cdaecb
1661644762050	Marionette	INFO	Listening on port 37641
1661644762137	RemoteAgent	WARN	TLS certificate errors will be ignored for this session
1661644762149	RemoteAgent	INFO	Proxy settings initialised: {"proxyType":"manual","httpProxy":"127.0.0.1:33297","sslProxy":"127.0.0.1:33297"}
1661644784271	Marionette	INFO	Stopped listening on port 37641
JavaScript error: resource:///modules/Interactions.jsm, line 209: NS_ERROR_FAILURE: Component returned failure code: 0x80004005 (NS_ERROR_FAILURE) [nsIUserIdleService.removeIdleObserver]
!!! error running onStopped callback: TypeError: callback is not a function
JavaScript error: chrome://remote/content/marionette/cert.js, line 55: NS_ERROR_NOT_AVAILABLE: Component returned failure code: 0x80040111 (NS_ERROR_NOT_AVAILABLE) [nsICertOverrideService.setDisableAllSecurityChecksAndLetAttackersInterceptMyData]
1661644785661	RemoteAgent	ERROR	unable to stop listener: [Exception... "Component returned failure code: 0x8000ffff (NS_ERROR_UNEXPECTED) [nsIWindowMediator.getEnumerator]"  nsresult: "0x8000ffff (NS_ERROR_UNEXPECTED)"  location: "JS frame :: chrome://remote/content/cdp/observers/TargetObserver.jsm :: stop :: line 64"  data: no] Stack trace: stop()@TargetObserver.jsm:64
unwatchForTabs()@TargetList.jsm:70
unwatchForTargets()@TargetList.jsm:37
destructor()@TargetList.jsm:109
stop()@CDP.jsm:104
close()@RemoteAgent.jsm:138
1661644801323	geckodriver	INFO	Listening on 127.0.0.1:52651
1661644801342	mozrunner::runner	INFO	Running command: "/bin/firefox-esr" "--marionette" "--remote-debugging-port" "36427" "--remote-allow-hosts" "localhost" "-no-remote" "-profile" "/tmp/rust_mozprofile6nEjZz"
1661644802485	Marionette	INFO	Marionette enabled
console.warn: SearchSettings: "get: No settings file exists, new profile?" (new NotFoundError("Could not open the file at /tmp/rust_mozprofile6nEjZz/search.json.mozlz4", (void 0)))
DevTools listening on ws://localhost:36427/devtools/browser/fa9f5d41-0faf-41f1-bc5f-3230b38b456f
1661644810185	Marionette	INFO	Listening on port 45779
1661644810284	RemoteAgent	WARN	TLS certificate errors will be ignored for this session
1661644810295	RemoteAgent	INFO	Proxy settings initialised: {"proxyType":"manual","httpProxy":"127.0.0.1:43137","sslProxy":"127.0.0.1:43137"}
1661644826318	Marionette	INFO	Stopped listening on port 45779
JavaScript error: resource:///modules/Interactions.jsm, line 209: NS_ERROR_FAILURE: Component returned failure code: 0x80004005 (NS_ERROR_FAILURE) [nsIUserIdleService.removeIdleObserver]
JavaScript error: chrome://remote/content/marionette/cert.js, line 55: NS_ERROR_NOT_AVAILABLE: Component returned failure code: 0x80040111 (NS_ERROR_NOT_AVAILABLE) [nsICertOverrideService.setDisableAllSecurityChecksAndLetAttackersInterceptMyData]
!!! error running onStopped callback: TypeError: callback is not a function
1661644827901	RemoteAgent	ERROR	unable to stop listener: [Exception... "Component returned failure code: 0x8000ffff (NS_ERROR_UNEXPECTED) [nsIWindowMediator.getEnumerator]"  nsresult: "0x8000ffff (NS_ERROR_UNEXPECTED)"  location: "JS frame :: chrome://remote/content/cdp/observers/TargetObserver.jsm :: stop :: line 64"  data: no] Stack trace: stop()@TargetObserver.jsm:64
unwatchForTabs()@TargetList.jsm:70
unwatchForTargets()@TargetList.jsm:37
destructor()@TargetList.jsm:109
stop()@CDP.jsm:104
close()@RemoteAgent.jsm:138
1661644852276	geckodriver	INFO	Listening on 127.0.0.1:60501
1661644852796	mozrunner::runner	INFO	Running command: "/bin/firefox-esr" "--marionette" "--remote-debugging-port" "53173" "--remote-allow-hosts" "localhost" "-no-remote" "-profile" "/tmp/rust_mozprofile3bvi6Y"
1661644853962	Marionette	INFO	Marionette enabled
console.warn: SearchSettings: "get: No settings file exists, new profile?" (new NotFoundError("Could not open the file at /tmp/rust_mozprofile3bvi6Y/search.json.mozlz4", (void 0)))
DevTools listening on ws://localhost:53173/devtools/browser/867fe02a-3e51-41ab-99d2-188356044400
1661644861298	Marionette	INFO	Listening on port 33745
1661644861512	RemoteAgent	WARN	TLS certificate errors will be ignored for this session
1661644861521	RemoteAgent	INFO	Proxy settings initialised: {"proxyType":"manual","httpProxy":"127.0.0.1:37773","sslProxy":"127.0.0.1:37773"}
Exiting due to channel error.
Exiting due to channel error.
Exiting due to channel error.
1661644928336	geckodriver	INFO	Listening on 127.0.0.1:39015
1661644928402	mozrunner::runner	INFO	Running command: "/bin/firefox-esr" "--marionette" "--remote-debugging-port" "58861" "--remote-allow-hosts" "localhost" "-no-remote" "-profile" "/tmp/rust_mozprofileHnT5QV"
1661644930110	Marionette	INFO	Marionette enabled
console.warn: SearchSettings: "get: No settings file exists, new profile?" (new NotFoundError("Could not open the file at /tmp/rust_mozprofileHnT5QV/search.json.mozlz4", (void 0)))
DevTools listening on ws://localhost:58861/devtools/browser/772b5ff5-55a6-4fa6-b3d9-2cb384fe21e8
1661644938483	Marionette	INFO	Listening on port 44587
1661644938637	RemoteAgent	WARN	TLS certificate errors will be ignored for this session
1661644938648	RemoteAgent	INFO	Proxy settings initialised: {"proxyType":"manual","httpProxy":"127.0.0.1:41869","sslProxy":"127.0.0.1:41869"}
1661644951689	Marionette	INFO	Stopped listening on port 44587
JavaScript error: resource:///modules/Interactions.jsm, line 209: NS_ERROR_FAILURE: Component returned failure code: 0x80004005 (NS_ERROR_FAILURE) [nsIUserIdleService.removeIdleObserver]
!!! error running onStopped callback: TypeError: callback is not a function
JavaScript error: chrome://remote/content/marionette/cert.js, line 55: NS_ERROR_NOT_AVAILABLE: Component returned failure code: 0x80040111 (NS_ERROR_NOT_AVAILABLE) [nsICertOverrideService.setDisableAllSecurityChecksAndLetAttackersInterceptMyData]
1661644953124	RemoteAgent	ERROR	unable to stop listener: [Exception... "Component returned failure code: 0x8000ffff (NS_ERROR_UNEXPECTED) [nsIWindowMediator.getEnumerator]"  nsresult: "0x8000ffff (NS_ERROR_UNEXPECTED)"  location: "JS frame :: chrome://remote/content/cdp/observers/TargetObserver.jsm :: stop :: line 64"  data: no] Stack trace: stop()@TargetObserver.jsm:64
unwatchForTabs()@TargetList.jsm:70
unwatchForTargets()@TargetList.jsm:37
destructor()@TargetList.jsm:109
stop()@CDP.jsm:104
close()@RemoteAgent.jsm:138
1661644957727	geckodriver	INFO	Listening on 127.0.0.1:54893
1661644958250	mozrunner::runner	INFO	Running command: "/bin/firefox-esr" "--marionette" "--remote-debugging-port" "40775" "--remote-allow-hosts" "localhost" "-no-remote" "-profile" "/tmp/rust_mozprofileJcfTIP"
1661644959722	Marionette	INFO	Marionette enabled
console.warn: SearchSettings: "get: No settings file exists, new profile?" (new NotFoundError("Could not open the file at /tmp/rust_mozprofileJcfTIP/search.json.mozlz4", (void 0)))
DevTools listening on ws://localhost:40775/devtools/browser/485a24be-d338-441e-a790-de61762a001c
1661644966737	Marionette	INFO	Listening on port 37365
1661644966910	RemoteAgent	WARN	TLS certificate errors will be ignored for this session
1661644966921	RemoteAgent	INFO	Proxy settings initialised: {"proxyType":"manual","httpProxy":"127.0.0.1:32995","sslProxy":"127.0.0.1:32995"}
1661644995463	Marionette	INFO	Stopped listening on port 37365
JavaScript error: resource:///modules/Interactions.jsm, line 209: NS_ERROR_FAILURE: Component returned failure code: 0x80004005 (NS_ERROR_FAILURE) [nsIUserIdleService.removeIdleObserver]
JavaScript error: chrome://remote/content/marionette/cert.js, line 55: NS_ERROR_NOT_AVAILABLE: Component returned failure code: 0x80040111 (NS_ERROR_NOT_AVAILABLE) [nsICertOverrideService.setDisableAllSecurityChecksAndLetAttackersInterceptMyData]
!!! error running onStopped callback: TypeError: callback is not a function
1661644997070	RemoteAgent	ERROR	unable to stop listener: [Exception... "Component returned failure code: 0x8000ffff (NS_ERROR_UNEXPECTED) [nsIWindowMediator.getEnumerator]"  nsresult: "0x8000ffff (NS_ERROR_UNEXPECTED)"  location: "JS frame :: chrome://remote/content/cdp/observers/TargetObserver.jsm :: stop :: line 64"  data: no] Stack trace: stop()@TargetObserver.jsm:64
unwatchForTabs()@TargetList.jsm:70
unwatchForTargets()@TargetList.jsm:37
destructor()@TargetList.jsm:109
stop()@CDP.jsm:104
close()@RemoteAgent.jsm:138
1661645035480	geckodriver	INFO	Listening on 127.0.0.1:35429
1661645035504	mozrunner::runner	INFO	Running command: "/bin/firefox-esr" "--marionette" "--remote-debugging-port" "42197" "--remote-allow-hosts" "localhost" "-no-remote" "-profile" "/tmp/rust_mozprofileMuhelK"
1661645036828	Marionette	INFO	Marionette enabled
console.warn: SearchSettings: "get: No settings file exists, new profile?" (new NotFoundError("Could not open the file at /tmp/rust_mozprofileMuhelK/search.json.mozlz4", (void 0)))
DevTools listening on ws://localhost:42197/devtools/browser/c95ddda7-5236-49ae-99c1-efbfcda0dcef
1661645043796	Marionette	INFO	Listening on port 35347
1661645043983	RemoteAgent	WARN	TLS certificate errors will be ignored for this session
1661645043992	RemoteAgent	INFO	Proxy settings initialised: {"proxyType":"manual","httpProxy":"127.0.0.1:37301","sslProxy":"127.0.0.1:37301"}

(firefox-esr:72090): GLib-GObject-WARNING **: 20:05:06.599: ../../../gobject/gsignal.c:3600: signal name 'load_complete' is invalid for instance '0x7fd26513ff50' of type 'MaiAtkType139'

(firefox-esr:72090): GLib-GObject-WARNING **: 20:05:06.599: ../../../gobject/gsignal.c:3600: signal name 'load_complete' is invalid for instance '0x7fd26513ffb0' of type 'MaiAtkType139'

(firefox-esr:72090): GLib-GObject-WARNING **: 20:05:08.162: ../../../gobject/gsignal.c:3600: signal name 'load_complete' is invalid for instance '0x7fd2642c18f0' of type 'MaiAtkType139'
Exiting due to channel error.
Exiting due to channel error.
Exiting due to channel error.
1661645121560	geckodriver	INFO	Listening on 127.0.0.1:37245
1661645122073	mozrunner::runner	INFO	Running command: "/bin/firefox-esr" "--marionette" "--remote-debugging-port" "51719" "--remote-allow-hosts" "localhost" "-no-remote" "-profile" "/tmp/rust_mozprofilezgc5oA"
1661645123671	Marionette	INFO	Marionette enabled
console.warn: SearchSettings: "get: No settings file exists, new profile?" (new NotFoundError("Could not open the file at /tmp/rust_mozprofilezgc5oA/search.json.mozlz4", (void 0)))
DevTools listening on ws://localhost:51719/devtools/browser/e01d3177-bc1e-436a-a834-d21155f31165
1661645130959	Marionette	INFO	Listening on port 40447
1661645131108	RemoteAgent	WARN	TLS certificate errors will be ignored for this session
1661645131120	RemoteAgent	INFO	Proxy settings initialised: {"proxyType":"manual","httpProxy":"127.0.0.1:37623","sslProxy":"127.0.0.1:37623"}
Exiting due to channel error.
Exiting due to channel error.
Exiting due to channel error.
1661645176240	geckodriver	INFO	Listening on 127.0.0.1:45719
1661645176276	mozrunner::runner	INFO	Running command: "/bin/firefox-esr" "--marionette" "--remote-debugging-port" "55125" "--remote-allow-hosts" "localhost" "-no-remote" "-profile" "/tmp/rust_mozprofilecxaRNa"
1661645177727	Marionette	INFO	Marionette enabled
console.warn: SearchSettings: "get: No settings file exists, new profile?" (new NotFoundError("Could not open the file at /tmp/rust_mozprofilecxaRNa/search.json.mozlz4", (void 0)))
DevTools listening on ws://localhost:55125/devtools/browser/b94bc42b-66d4-43ce-8892-5aa973218127
1661645184389	Marionette	INFO	Listening on port 45627
1661645184677	RemoteAgent	WARN	TLS certificate errors will be ignored for this session
1661645184690	RemoteAgent	INFO	Proxy settings initialised: {"proxyType":"manual","httpProxy":"127.0.0.1:35829","sslProxy":"127.0.0.1:35829"}
1661645199077	Marionette	INFO	Stopped listening on port 45627
JavaScript error: resource:///modules/Interactions.jsm, line 209: NS_ERROR_FAILURE: Component returned failure code: 0x80004005 (NS_ERROR_FAILURE) [nsIUserIdleService.removeIdleObserver]
JavaScript error: chrome://remote/content/marionette/cert.js, line 55: NS_ERROR_NOT_AVAILABLE: Component returned failure code: 0x80040111 (NS_ERROR_NOT_AVAILABLE) [nsICertOverrideService.setDisableAllSecurityChecksAndLetAttackersInterceptMyData]
!!! error running onStopped callback: TypeError: callback is not a function
1661645200914	RemoteAgent	ERROR	unable to stop listener: [Exception... "Component returned failure code: 0x8000ffff (NS_ERROR_UNEXPECTED) [nsIWindowMediator.getEnumerator]"  nsresult: "0x8000ffff (NS_ERROR_UNEXPECTED)"  location: "JS frame :: chrome://remote/content/cdp/observers/TargetObserver.jsm :: stop :: line 64"  data: no] Stack trace: stop()@TargetObserver.jsm:64
unwatchForTabs()@TargetList.jsm:70
unwatchForTargets()@TargetList.jsm:37
destructor()@TargetList.jsm:109
stop()@CDP.jsm:104
close()@RemoteAgent.jsm:138
1661645233956	geckodriver	INFO	Listening on 127.0.0.1:41823
1661645233973	mozrunner::runner	INFO	Running command: "/bin/firefox-esr" "--marionette" "--remote-debugging-port" "59003" "--remote-allow-hosts" "localhost" "-no-remote" "-profile" "/tmp/rust_mozprofileljweu6"
1661645235173	Marionette	INFO	Marionette enabled
console.warn: SearchSettings: "get: No settings file exists, new profile?" (new NotFoundError("Could not open the file at /tmp/rust_mozprofileljweu6/search.json.mozlz4", (void 0)))
DevTools listening on ws://localhost:59003/devtools/browser/92495ceb-9026-4edd-983f-bdea64d15238
1661645241984	Marionette	INFO	Listening on port 41543
1661645242109	RemoteAgent	WARN	TLS certificate errors will be ignored for this session
1661645242121	RemoteAgent	INFO	Proxy settings initialised: {"proxyType":"manual","httpProxy":"127.0.0.1:39813","sslProxy":"127.0.0.1:39813"}
1661645258131	Marionette	INFO	Stopped listening on port 41543
JavaScript error: resource:///modules/Interactions.jsm, line 209: NS_ERROR_FAILURE: Component returned failure code: 0x80004005 (NS_ERROR_FAILURE) [nsIUserIdleService.removeIdleObserver]
JavaScript error: chrome://remote/content/marionette/cert.js, line 55: NS_ERROR_NOT_AVAILABLE: Component returned failure code: 0x80040111 (NS_ERROR_NOT_AVAILABLE) [nsICertOverrideService.setDisableAllSecurityChecksAndLetAttackersInterceptMyData]
!!! error running onStopped callback: TypeError: callback is not a function
1661645259921	RemoteAgent	ERROR	unable to stop listener: [Exception... "Component returned failure code: 0x8000ffff (NS_ERROR_UNEXPECTED) [nsIWindowMediator.getEnumerator]"  nsresult: "0x8000ffff (NS_ERROR_UNEXPECTED)"  location: "JS frame :: chrome://remote/content/cdp/observers/TargetObserver.jsm :: stop :: line 64"  data: no] Stack trace: stop()@TargetObserver.jsm:64
unwatchForTabs()@TargetList.jsm:70
unwatchForTargets()@TargetList.jsm:37
destructor()@TargetList.jsm:109
stop()@CDP.jsm:104
close()@RemoteAgent.jsm:138
1661645303348	geckodriver	INFO	Listening on 127.0.0.1:35099
1661645303365	mozrunner::runner	INFO	Running command: "/bin/firefox-esr" "--marionette" "--remote-debugging-port" "39473" "--remote-allow-hosts" "localhost" "-no-remote" "-profile" "/tmp/rust_mozprofileMlaWCe"
1661645304612	Marionette	INFO	Marionette enabled
console.warn: SearchSettings: "get: No settings file exists, new profile?" (new NotFoundError("Could not open the file at /tmp/rust_mozprofileMlaWCe/search.json.mozlz4", (void 0)))
DevTools listening on ws://localhost:39473/devtools/browser/daeacef3-9e4a-4343-8622-b7e8ecac04d8
1661645312353	Marionette	INFO	Listening on port 37889
1661645312556	RemoteAgent	WARN	TLS certificate errors will be ignored for this session
1661645312565	RemoteAgent	INFO	Proxy settings initialised: {"proxyType":"manual","httpProxy":"127.0.0.1:36699","sslProxy":"127.0.0.1:36699"}
1661645330677	Marionette	INFO	Stopped listening on port 37889
JavaScript error: resource:///modules/Interactions.jsm, line 209: NS_ERROR_FAILURE: Component returned failure code: 0x80004005 (NS_ERROR_FAILURE) [nsIUserIdleService.removeIdleObserver]
!!! error running onStopped callback: TypeError: callback is not a function
JavaScript error: chrome://remote/content/marionette/cert.js, line 55: NS_ERROR_NOT_AVAILABLE: Component returned failure code: 0x80040111 (NS_ERROR_NOT_AVAILABLE) [nsICertOverrideService.setDisableAllSecurityChecksAndLetAttackersInterceptMyData]
1661645332207	RemoteAgent	ERROR	unable to stop listener: [Exception... "Component returned failure code: 0x8000ffff (NS_ERROR_UNEXPECTED) [nsIWindowMediator.getEnumerator]"  nsresult: "0x8000ffff (NS_ERROR_UNEXPECTED)"  location: "JS frame :: chrome://remote/content/cdp/observers/TargetObserver.jsm :: stop :: line 64"  data: no] Stack trace: stop()@TargetObserver.jsm:64
unwatchForTabs()@TargetList.jsm:70
unwatchForTargets()@TargetList.jsm:37
destructor()@TargetList.jsm:109
stop()@CDP.jsm:104
close()@RemoteAgent.jsm:138
1661645468471	geckodriver	INFO	Listening on 127.0.0.1:43571
1661645468988	mozrunner::runner	INFO	Running command: "/bin/firefox-esr" "--marionette" "--remote-debugging-port" "52869" "--remote-allow-hosts" "localhost" "-no-remote" "-profile" "/tmp/rust_mozprofileZurV2k"
1661645470465	Marionette	INFO	Marionette enabled
console.warn: SearchSettings: "get: No settings file exists, new profile?" (new NotFoundError("Could not open the file at /tmp/rust_mozprofileZurV2k/search.json.mozlz4", (void 0)))
DevTools listening on ws://localhost:52869/devtools/browser/f4b264cd-1140-48ce-ae41-215929afa327
1661645480529	Marionette	INFO	Listening on port 39493
1661645480670	RemoteAgent	WARN	TLS certificate errors will be ignored for this session
1661645480685	RemoteAgent	INFO	Proxy settings initialised: {"proxyType":"manual","httpProxy":"127.0.0.1:42883","sslProxy":"127.0.0.1:42883"}
1661645521329	Marionette	INFO	Stopped listening on port 39493
JavaScript error: resource:///modules/Interactions.jsm, line 209: NS_ERROR_FAILURE: Component returned failure code: 0x80004005 (NS_ERROR_FAILURE) [nsIUserIdleService.removeIdleObserver]
JavaScript error: chrome://remote/content/marionette/cert.js, line 55: NS_ERROR_NOT_AVAILABLE: Component returned failure code: 0x80040111 (NS_ERROR_NOT_AVAILABLE) [nsICertOverrideService.setDisableAllSecurityChecksAndLetAttackersInterceptMyData]
!!! error running onStopped callback: TypeError: callback is not a function
1661645523031	RemoteAgent	ERROR	unable to stop listener: [Exception... "Component returned failure code: 0x8000ffff (NS_ERROR_UNEXPECTED) [nsIWindowMediator.getEnumerator]"  nsresult: "0x8000ffff (NS_ERROR_UNEXPECTED)"  location: "JS frame :: chrome://remote/content/cdp/observers/TargetObserver.jsm :: stop :: line 64"  data: no] Stack trace: stop()@TargetObserver.jsm:64
unwatchForTabs()@TargetList.jsm:70
unwatchForTargets()@TargetList.jsm:37
destructor()@TargetList.jsm:109
stop()@CDP.jsm:104
close()@RemoteAgent.jsm:138
1661645609240	geckodriver	INFO	Listening on 127.0.0.1:43931
1661645609264	mozrunner::runner	INFO	Running command: "/bin/firefox-esr" "--marionette" "--remote-debugging-port" "60307" "--remote-allow-hosts" "localhost" "-no-remote" "-profile" "/tmp/rust_mozprofilep8CKkz"
1661645610522	Marionette	INFO	Marionette enabled
console.warn: SearchSettings: "get: No settings file exists, new profile?" (new NotFoundError("Could not open the file at /tmp/rust_mozprofilep8CKkz/search.json.mozlz4", (void 0)))
console.error: Region.jsm: "Error fetching region" (new Error("TIMEOUT", "resource://gre/modules/Region.jsm", 772))
console.error: Region.jsm: "Failed to fetch region" (new Error("TIMEOUT", "resource://gre/modules/Region.jsm", 419))
DevTools listening on ws://localhost:60307/devtools/browser/9a760a78-869f-4f00-bd63-3a3178f4c5de
1661645618852	Marionette	INFO	Listening on port 35421
1661645619028	RemoteAgent	WARN	TLS certificate errors will be ignored for this session
1661645619070	RemoteAgent	INFO	Proxy settings initialised: {"proxyType":"manual","httpProxy":"127.0.0.1:44155","sslProxy":"127.0.0.1:44155"}
JavaScript error: https://www.deviceinfo.me/, line 1: ReferenceError: rtajp is not defined
1661645654958	Marionette	INFO	Stopped listening on port 35421
JavaScript error: resource:///modules/Interactions.jsm, line 209: NS_ERROR_FAILURE: Component returned failure code: 0x80004005 (NS_ERROR_FAILURE) [nsIUserIdleService.removeIdleObserver]
JavaScript error: chrome://remote/content/marionette/cert.js, line 55: NS_ERROR_NOT_AVAILABLE: Component returned failure code: 0x80040111 (NS_ERROR_NOT_AVAILABLE) [nsICertOverrideService.setDisableAllSecurityChecksAndLetAttackersInterceptMyData]
!!! error running onStopped callback: TypeError: callback is not a function

###!!! [Parent][RunMessage] Error: Channel closing: too late to send/recv, messages will be lost

1661645656600	RemoteAgent	ERROR	unable to stop listener: [Exception... "Component returned failure code: 0x8000ffff (NS_ERROR_UNEXPECTED) [nsIWindowMediator.getEnumerator]"  nsresult: "0x8000ffff (NS_ERROR_UNEXPECTED)"  location: "JS frame :: chrome://remote/content/cdp/observers/TargetObserver.jsm :: stop :: line 64"  data: no] Stack trace: stop()@TargetObserver.jsm:64
unwatchForTabs()@TargetList.jsm:70
unwatchForTargets()@TargetList.jsm:37
destructor()@TargetList.jsm:109
stop()@CDP.jsm:104
close()@RemoteAgent.jsm:138
1661645713665	geckodriver	INFO	Listening on 127.0.0.1:48593
1661645713698	mozrunner::runner	INFO	Running command: "/bin/firefox-esr" "--marionette" "--remote-debugging-port" "60677" "--remote-allow-hosts" "localhost" "-no-remote" "-profile" "/tmp/rust_mozprofileAXSD9X"
1661645716262	Marionette	INFO	Marionette enabled
console.warn: SearchSettings: "get: No settings file exists, new profile?" (new NotFoundError("Could not open the file at /tmp/rust_mozprofileAXSD9X/search.json.mozlz4", (void 0)))
DevTools listening on ws://localhost:60677/devtools/browser/abbcd755-bd2e-4c6f-88e0-da045c362401
1661645723605	Marionette	INFO	Listening on port 34645
1661645723753	RemoteAgent	WARN	TLS certificate errors will be ignored for this session
1661645723774	RemoteAgent	INFO	Proxy settings initialised: {"proxyType":"manual","httpProxy":"127.0.0.1:34023","sslProxy":"127.0.0.1:34023"}
1661645745136	Marionette	INFO	Stopped listening on port 34645
JavaScript error: resource:///modules/Interactions.jsm, line 209: NS_ERROR_FAILURE: Component returned failure code: 0x80004005 (NS_ERROR_FAILURE) [nsIUserIdleService.removeIdleObserver]
JavaScript error: chrome://remote/content/marionette/cert.js, line 55: NS_ERROR_NOT_AVAILABLE: Component returned failure code: 0x80040111 (NS_ERROR_NOT_AVAILABLE) [nsICertOverrideService.setDisableAllSecurityChecksAndLetAttackersInterceptMyData]
!!! error running onStopped callback: TypeError: callback is not a function
1661645747129	RemoteAgent	ERROR	unable to stop listener: [Exception... "Component returned failure code: 0x8000ffff (NS_ERROR_UNEXPECTED) [nsIWindowMediator.getEnumerator]"  nsresult: "0x8000ffff (NS_ERROR_UNEXPECTED)"  location: "JS frame :: chrome://remote/content/cdp/observers/TargetObserver.jsm :: stop :: line 64"  data: no] Stack trace: stop()@TargetObserver.jsm:64
unwatchForTabs()@TargetList.jsm:70
unwatchForTargets()@TargetList.jsm:37
destructor()@TargetList.jsm:109
stop()@CDP.jsm:104
close()@RemoteAgent.jsm:138
1661645765706	geckodriver	INFO	Listening on 127.0.0.1:46397
1661645765742	mozrunner::runner	INFO	Running command: "/bin/firefox-esr" "--marionette" "--remote-debugging-port" "60593" "--remote-allow-hosts" "localhost" "-no-remote" "-profile" "/tmp/rust_mozprofileNwvb7V"
1661645767534	Marionette	INFO	Marionette enabled
console.warn: SearchSettings: "get: No settings file exists, new profile?" (new NotFoundError("Could not open the file at /tmp/rust_mozprofileNwvb7V/search.json.mozlz4", (void 0)))
DevTools listening on ws://localhost:60593/devtools/browser/1018bfcd-552c-4d52-8dab-447db5b00954
1661645774775	Marionette	INFO	Listening on port 42157
1661645775002	RemoteAgent	WARN	TLS certificate errors will be ignored for this session
1661645775018	RemoteAgent	INFO	Proxy settings initialised: {"proxyType":"manual","httpProxy":"127.0.0.1:38979","sslProxy":"127.0.0.1:38979"}
1661645791679	Marionette	INFO	Stopped listening on port 42157
JavaScript error: resource:///modules/Interactions.jsm, line 209: NS_ERROR_FAILURE: Component returned failure code: 0x80004005 (NS_ERROR_FAILURE) [nsIUserIdleService.removeIdleObserver]
JavaScript error: chrome://remote/content/marionette/cert.js, line 55: NS_ERROR_NOT_AVAILABLE: Component returned failure code: 0x80040111 (NS_ERROR_NOT_AVAILABLE) [nsICertOverrideService.setDisableAllSecurityChecksAndLetAttackersInterceptMyData]
!!! error running onStopped callback: TypeError: callback is not a function
1661645793491	RemoteAgent	ERROR	unable to stop listener: [Exception... "Component returned failure code: 0x8000ffff (NS_ERROR_UNEXPECTED) [nsIWindowMediator.getEnumerator]"  nsresult: "0x8000ffff (NS_ERROR_UNEXPECTED)"  location: "JS frame :: chrome://remote/content/cdp/observers/TargetObserver.jsm :: stop :: line 64"  data: no] Stack trace: stop()@TargetObserver.jsm:64
unwatchForTabs()@TargetList.jsm:70
unwatchForTargets()@TargetList.jsm:37
destructor()@TargetList.jsm:109
stop()@CDP.jsm:104
close()@RemoteAgent.jsm:138
1661645811585	geckodriver	INFO	Listening on 127.0.0.1:33043
1661645811607	mozrunner::runner	INFO	Running command: "/bin/firefox-esr" "--marionette" "--remote-debugging-port" "38739" "--remote-allow-hosts" "localhost" "-no-remote" "-profile" "/tmp/rust_mozprofileCNVZOA"
1661645813352	Marionette	INFO	Marionette enabled
console.warn: SearchSettings: "get: No settings file exists, new profile?" (new NotFoundError("Could not open the file at /tmp/rust_mozprofileCNVZOA/search.json.mozlz4", (void 0)))
DevTools listening on ws://localhost:38739/devtools/browser/70343a98-665b-4545-9d36-d1edce3947e9
1661645820074	Marionette	INFO	Listening on port 40887
1661645820171	RemoteAgent	WARN	TLS certificate errors will be ignored for this session
1661645820183	RemoteAgent	INFO	Proxy settings initialised: {"proxyType":"manual","httpProxy":"127.0.0.1:43559","sslProxy":"127.0.0.1:43559"}
1661645839702	Marionette	INFO	Stopped listening on port 40887
JavaScript error: resource:///modules/Interactions.jsm, line 209: NS_ERROR_FAILURE: Component returned failure code: 0x80004005 (NS_ERROR_FAILURE) [nsIUserIdleService.removeIdleObserver]
!!! error running onStopped callback: TypeError: callback is not a function
JavaScript error: chrome://remote/content/marionette/cert.js, line 55: NS_ERROR_NOT_AVAILABLE: Component returned failure code: 0x80040111 (NS_ERROR_NOT_AVAILABLE) [nsICertOverrideService.setDisableAllSecurityChecksAndLetAttackersInterceptMyData]
1661645841182	RemoteAgent	ERROR	unable to stop listener: [Exception... "Component returned failure code: 0x8000ffff (NS_ERROR_UNEXPECTED) [nsIWindowMediator.getEnumerator]"  nsresult: "0x8000ffff (NS_ERROR_UNEXPECTED)"  location: "JS frame :: chrome://remote/content/cdp/observers/TargetObserver.jsm :: stop :: line 64"  data: no] Stack trace: stop()@TargetObserver.jsm:64
unwatchForTabs()@TargetList.jsm:70
unwatchForTargets()@TargetList.jsm:37
destructor()@TargetList.jsm:109
stop()@CDP.jsm:104
close()@RemoteAgent.jsm:138
1661645872520	geckodriver	INFO	Listening on 127.0.0.1:58617
1661645873041	mozrunner::runner	INFO	Running command: "/bin/firefox-esr" "--marionette" "--remote-debugging-port" "48995" "--remote-allow-hosts" "localhost" "-no-remote" "-profile" "/tmp/rust_mozprofileeq7VpC"
1661645874207	Marionette	INFO	Marionette enabled
console.warn: SearchSettings: "get: No settings file exists, new profile?" (new NotFoundError("Could not open the file at /tmp/rust_mozprofileeq7VpC/search.json.mozlz4", (void 0)))
DevTools listening on ws://localhost:48995/devtools/browser/b0e7c64b-6dfc-443a-bbb1-3cc789d1a4b0
1661645880950	Marionette	INFO	Listening on port 45779
1661645881163	RemoteAgent	WARN	TLS certificate errors will be ignored for this session
1661645881172	RemoteAgent	INFO	Proxy settings initialised: {"proxyType":"manual","httpProxy":"127.0.0.1:46585","sslProxy":"127.0.0.1:46585"}
1661645899908	Marionette	INFO	Stopped listening on port 45779
JavaScript error: resource:///modules/Interactions.jsm, line 209: NS_ERROR_FAILURE: Component returned failure code: 0x80004005 (NS_ERROR_FAILURE) [nsIUserIdleService.removeIdleObserver]
!!! error running onStopped callback: TypeError: callback is not a function
JavaScript error: chrome://remote/content/marionette/cert.js, line 55: NS_ERROR_NOT_AVAILABLE: Component returned failure code: 0x80040111 (NS_ERROR_NOT_AVAILABLE) [nsICertOverrideService.setDisableAllSecurityChecksAndLetAttackersInterceptMyData]
1661645901592	RemoteAgent	ERROR	unable to stop listener: [Exception... "Component returned failure code: 0x8000ffff (NS_ERROR_UNEXPECTED) [nsIWindowMediator.getEnumerator]"  nsresult: "0x8000ffff (NS_ERROR_UNEXPECTED)"  location: "JS frame :: chrome://remote/content/cdp/observers/TargetObserver.jsm :: stop :: line 64"  data: no] Stack trace: stop()@TargetObserver.jsm:64
unwatchForTabs()@TargetList.jsm:70
unwatchForTargets()@TargetList.jsm:37
destructor()@TargetList.jsm:109
stop()@CDP.jsm:104
close()@RemoteAgent.jsm:138
1661645905622	geckodriver	INFO	Listening on 127.0.0.1:39127
1661645905640	mozrunner::runner	INFO	Running command: "/bin/firefox-esr" "--marionette" "--remote-debugging-port" "35597" "--remote-allow-hosts" "localhost" "-no-remote" "-profile" "/tmp/rust_mozprofile6eOkft"
1661645906763	Marionette	INFO	Marionette enabled
console.warn: SearchSettings: "get: No settings file exists, new profile?" (new NotFoundError("Could not open the file at /tmp/rust_mozprofile6eOkft/search.json.mozlz4", (void 0)))
DevTools listening on ws://localhost:35597/devtools/browser/08eed802-2c5b-4c74-8e32-02dbf9ef1acc
1661645914243	Marionette	INFO	Listening on port 38377
1661645914406	RemoteAgent	WARN	TLS certificate errors will be ignored for this session
1661645914416	RemoteAgent	INFO	Proxy settings initialised: {"proxyType":"manual","httpProxy":"127.0.0.1:41099","sslProxy":"127.0.0.1:41099"}
1661645929919	Marionette	INFO	Stopped listening on port 38377
JavaScript error: resource:///modules/Interactions.jsm, line 209: NS_ERROR_FAILURE: Component returned failure code: 0x80004005 (NS_ERROR_FAILURE) [nsIUserIdleService.removeIdleObserver]
!!! error running onStopped callback: TypeError: callback is not a function
JavaScript error: chrome://remote/content/marionette/cert.js, line 55: NS_ERROR_NOT_AVAILABLE: Component returned failure code: 0x80040111 (NS_ERROR_NOT_AVAILABLE) [nsICertOverrideService.setDisableAllSecurityChecksAndLetAttackersInterceptMyData]
1661645931335	RemoteAgent	ERROR	unable to stop listener: [Exception... "Component returned failure code: 0x8000ffff (NS_ERROR_UNEXPECTED) [nsIWindowMediator.getEnumerator]"  nsresult: "0x8000ffff (NS_ERROR_UNEXPECTED)"  location: "JS frame :: chrome://remote/content/cdp/observers/TargetObserver.jsm :: stop :: line 64"  data: no] Stack trace: stop()@TargetObserver.jsm:64
unwatchForTabs()@TargetList.jsm:70
unwatchForTargets()@TargetList.jsm:37
destructor()@TargetList.jsm:109
stop()@CDP.jsm:104
close()@RemoteAgent.jsm:138
1661645952718	geckodriver	INFO	Listening on 127.0.0.1:56441
1661645952745	mozrunner::runner	INFO	Running command: "/bin/firefox-esr" "--marionette" "--remote-debugging-port" "45591" "--remote-allow-hosts" "localhost" "-no-remote" "-profile" "/tmp/rust_mozprofilepkiqLF"
1661645954220	Marionette	INFO	Marionette enabled
console.warn: SearchSettings: "get: No settings file exists, new profile?" (new NotFoundError("Could not open the file at /tmp/rust_mozprofilepkiqLF/search.json.mozlz4", (void 0)))
DevTools listening on ws://localhost:45591/devtools/browser/39afb344-c6b2-4ed3-984b-6894c458408c
1661645962717	Marionette	INFO	Listening on port 36751
1661645962900	RemoteAgent	WARN	TLS certificate errors will be ignored for this session
1661645962915	RemoteAgent	INFO	Proxy settings initialised: {"proxyType":"manual","httpProxy":"127.0.0.1:44569","sslProxy":"127.0.0.1:44569"}
1661645978902	Marionette	INFO	Stopped listening on port 36751
JavaScript error: resource:///modules/Interactions.jsm, line 209: NS_ERROR_FAILURE: Component returned failure code: 0x80004005 (NS_ERROR_FAILURE) [nsIUserIdleService.removeIdleObserver]
JavaScript error: chrome://remote/content/marionette/cert.js, line 55: NS_ERROR_NOT_AVAILABLE: Component returned failure code: 0x80040111 (NS_ERROR_NOT_AVAILABLE) [nsICertOverrideService.setDisableAllSecurityChecksAndLetAttackersInterceptMyData]
!!! error running onStopped callback: TypeError: callback is not a function
1661645980219	RemoteAgent	ERROR	unable to stop listener: [Exception... "Component returned failure code: 0x8000ffff (NS_ERROR_UNEXPECTED) [nsIWindowMediator.getEnumerator]"  nsresult: "0x8000ffff (NS_ERROR_UNEXPECTED)"  location: "JS frame :: chrome://remote/content/cdp/observers/TargetObserver.jsm :: stop :: line 64"  data: no] Stack trace: stop()@TargetObserver.jsm:64
unwatchForTabs()@TargetList.jsm:70
unwatchForTargets()@TargetList.jsm:37
destructor()@TargetList.jsm:109
stop()@CDP.jsm:104
close()@RemoteAgent.jsm:138
1661645991221	geckodriver	INFO	Listening on 127.0.0.1:41877
1661645991748	mozrunner::runner	INFO	Running command: "/bin/firefox-esr" "--marionette" "--remote-debugging-port" "40921" "--remote-allow-hosts" "localhost" "-no-remote" "-profile" "/tmp/rust_mozprofilebrmemG"
1661645993336	Marionette	INFO	Marionette enabled
console.warn: SearchSettings: "get: No settings file exists, new profile?" (new NotFoundError("Could not open the file at /tmp/rust_mozprofilebrmemG/search.json.mozlz4", (void 0)))
DevTools listening on ws://localhost:40921/devtools/browser/edecd274-ddb5-42a3-9c18-7ef9be32f576
1661646000274	Marionette	INFO	Listening on port 33055
1661646000437	RemoteAgent	WARN	TLS certificate errors will be ignored for this session
1661646000450	RemoteAgent	INFO	Proxy settings initialised: {"proxyType":"manual","httpProxy":"127.0.0.1:39121","sslProxy":"127.0.0.1:39121"}
1661646021778	Marionette	INFO	Stopped listening on port 33055
JavaScript error: resource:///modules/Interactions.jsm, line 209: NS_ERROR_FAILURE: Component returned failure code: 0x80004005 (NS_ERROR_FAILURE) [nsIUserIdleService.removeIdleObserver]
!!! error running onStopped callback: TypeError: callback is not a function
JavaScript error: chrome://remote/content/marionette/cert.js, line 55: NS_ERROR_NOT_AVAILABLE: Component returned failure code: 0x80040111 (NS_ERROR_NOT_AVAILABLE) [nsICertOverrideService.setDisableAllSecurityChecksAndLetAttackersInterceptMyData]
1661646023402	RemoteAgent	ERROR	unable to stop listener: [Exception... "Component returned failure code: 0x8000ffff (NS_ERROR_UNEXPECTED) [nsIWindowMediator.getEnumerator]"  nsresult: "0x8000ffff (NS_ERROR_UNEXPECTED)"  location: "JS frame :: chrome://remote/content/cdp/observers/TargetObserver.jsm :: stop :: line 64"  data: no] Stack trace: stop()@TargetObserver.jsm:64
unwatchForTabs()@TargetList.jsm:70
unwatchForTargets()@TargetList.jsm:37
destructor()@TargetList.jsm:109
stop()@CDP.jsm:104
close()@RemoteAgent.jsm:138
1661646035769	geckodriver	INFO	Listening on 127.0.0.1:54511
1661646036294	mozrunner::runner	INFO	Running command: "/bin/firefox-esr" "--marionette" "--remote-debugging-port" "34453" "--remote-allow-hosts" "localhost" "-no-remote" "-profile" "/tmp/rust_mozprofile5ckAzO"
1661646038405	Marionette	INFO	Marionette enabled
console.warn: SearchSettings: "get: No settings file exists, new profile?" (new NotFoundError("Could not open the file at /tmp/rust_mozprofile5ckAzO/search.json.mozlz4", (void 0)))
DevTools listening on ws://localhost:34453/devtools/browser/09eaa2f0-1c1e-4175-963f-7b522d4359e8
1661646045110	Marionette	INFO	Listening on port 45123
1661646045258	RemoteAgent	WARN	TLS certificate errors will be ignored for this session
1661646045267	RemoteAgent	INFO	Proxy settings initialised: {"proxyType":"manual","httpProxy":"127.0.0.1:44375","sslProxy":"127.0.0.1:44375"}
1661646067278	Marionette	INFO	Stopped listening on port 45123
JavaScript error: resource:///modules/Interactions.jsm, line 209: NS_ERROR_FAILURE: Component returned failure code: 0x80004005 (NS_ERROR_FAILURE) [nsIUserIdleService.removeIdleObserver]
JavaScript error: chrome://remote/content/marionette/cert.js, line 55: NS_ERROR_NOT_AVAILABLE: Component returned failure code: 0x80040111 (NS_ERROR_NOT_AVAILABLE) [nsICertOverrideService.setDisableAllSecurityChecksAndLetAttackersInterceptMyData]
!!! error running onStopped callback: TypeError: callback is not a function
1661646068678	RemoteAgent	ERROR	unable to stop listener: [Exception... "Component returned failure code: 0x8000ffff (NS_ERROR_UNEXPECTED) [nsIWindowMediator.getEnumerator]"  nsresult: "0x8000ffff (NS_ERROR_UNEXPECTED)"  location: "JS frame :: chrome://remote/content/cdp/observers/TargetObserver.jsm :: stop :: line 64"  data: no] Stack trace: stop()@TargetObserver.jsm:64
unwatchForTabs()@TargetList.jsm:70
unwatchForTargets()@TargetList.jsm:37
destructor()@TargetList.jsm:109
stop()@CDP.jsm:104
close()@RemoteAgent.jsm:138
1661646099313	geckodriver	INFO	Listening on 127.0.0.1:58195
1661646099832	mozrunner::runner	INFO	Running command: "/bin/firefox-esr" "--marionette" "--remote-debugging-port" "54957" "--remote-allow-hosts" "localhost" "-no-remote" "-profile" "/tmp/rust_mozprofileqCEHQb"
1661646101482	Marionette	INFO	Marionette enabled
console.warn: SearchSettings: "get: No settings file exists, new profile?" (new NotFoundError("Could not open the file at /tmp/rust_mozprofileqCEHQb/search.json.mozlz4", (void 0)))
DevTools listening on ws://localhost:54957/devtools/browser/fa846cd9-e427-419a-9935-3dd26ca028b8
1661646108792	Marionette	INFO	Listening on port 33239
1661646108994	RemoteAgent	WARN	TLS certificate errors will be ignored for this session
1661646109044	RemoteAgent	INFO	Proxy settings initialised: {"proxyType":"manual","httpProxy":"127.0.0.1:43925","sslProxy":"127.0.0.1:43925"}
1661646141717	Marionette	INFO	Stopped listening on port 33239
JavaScript error: resource:///modules/Interactions.jsm, line 209: NS_ERROR_FAILURE: Component returned failure code: 0x80004005 (NS_ERROR_FAILURE) [nsIUserIdleService.removeIdleObserver]
JavaScript error: chrome://remote/content/marionette/cert.js, line 55: NS_ERROR_NOT_AVAILABLE: Component returned failure code: 0x80040111 (NS_ERROR_NOT_AVAILABLE) [nsICertOverrideService.setDisableAllSecurityChecksAndLetAttackersInterceptMyData]
!!! error running onStopped callback: TypeError: callback is not a function
1661646143628	RemoteAgent	ERROR	unable to stop listener: [Exception... "Component returned failure code: 0x8000ffff (NS_ERROR_UNEXPECTED) [nsIWindowMediator.getEnumerator]"  nsresult: "0x8000ffff (NS_ERROR_UNEXPECTED)"  location: "JS frame :: chrome://remote/content/cdp/observers/TargetObserver.jsm :: stop :: line 64"  data: no] Stack trace: stop()@TargetObserver.jsm:64
unwatchForTabs()@TargetList.jsm:70
unwatchForTargets()@TargetList.jsm:37
destructor()@TargetList.jsm:109
stop()@CDP.jsm:104
close()@RemoteAgent.jsm:138
1661646174739	geckodriver	INFO	Listening on 127.0.0.1:42273
1661646175262	mozrunner::runner	INFO	Running command: "/bin/firefox-esr" "--marionette" "--remote-debugging-port" "52665" "--remote-allow-hosts" "localhost" "-no-remote" "-profile" "/tmp/rust_mozprofilei0Vk3l"
1661646176873	Marionette	INFO	Marionette enabled
console.warn: SearchSettings: "get: No settings file exists, new profile?" (new NotFoundError("Could not open the file at /tmp/rust_mozprofilei0Vk3l/search.json.mozlz4", (void 0)))
DevTools listening on ws://localhost:52665/devtools/browser/e627f9f9-fbd6-4d10-a4c1-5a7be7ba5ced
1661646183460	Marionette	INFO	Listening on port 33717
1661646183655	RemoteAgent	WARN	TLS certificate errors will be ignored for this session
1661646183668	RemoteAgent	INFO	Proxy settings initialised: {"proxyType":"manual","httpProxy":"127.0.0.1:43367","sslProxy":"127.0.0.1:43367"}
1661646199293	Marionette	INFO	Stopped listening on port 33717
JavaScript error: resource:///modules/Interactions.jsm, line 209: NS_ERROR_FAILURE: Component returned failure code: 0x80004005 (NS_ERROR_FAILURE) [nsIUserIdleService.removeIdleObserver]
!!! error running onStopped callback: TypeError: callback is not a function
JavaScript error: chrome://remote/content/marionette/cert.js, line 55: NS_ERROR_NOT_AVAILABLE: Component returned failure code: 0x80040111 (NS_ERROR_NOT_AVAILABLE) [nsICertOverrideService.setDisableAllSecurityChecksAndLetAttackersInterceptMyData]

###!!! [Parent][RunMessage] Error: Channel closing: too late to send/recv, messages will be lost

1661646200925	RemoteAgent	ERROR	unable to stop listener: [Exception... "Component returned failure code: 0x8000ffff (NS_ERROR_UNEXPECTED) [nsIWindowMediator.getEnumerator]"  nsresult: "0x8000ffff (NS_ERROR_UNEXPECTED)"  location: "JS frame :: chrome://remote/content/cdp/observers/TargetObserver.jsm :: stop :: line 64"  data: no] Stack trace: stop()@TargetObserver.jsm:64
unwatchForTabs()@TargetList.jsm:70
unwatchForTargets()@TargetList.jsm:37
destructor()@TargetList.jsm:109
stop()@CDP.jsm:104
close()@RemoteAgent.jsm:138
1661646204846	geckodriver	INFO	Listening on 127.0.0.1:43121
1661646204883	mozrunner::runner	INFO	Running command: "/bin/firefox-esr" "--marionette" "--remote-debugging-port" "42631" "--remote-allow-hosts" "localhost" "-no-remote" "-profile" "/tmp/rust_mozprofilez0iomd"
1661646206701	Marionette	INFO	Marionette enabled
console.warn: SearchSettings: "get: No settings file exists, new profile?" (new NotFoundError("Could not open the file at /tmp/rust_mozprofilez0iomd/search.json.mozlz4", (void 0)))
DevTools listening on ws://localhost:42631/devtools/browser/b531f922-14bf-48d4-bf5c-aad7c3fc7c34
1661646214342	Marionette	INFO	Listening on port 43221
1661646214453	RemoteAgent	WARN	TLS certificate errors will be ignored for this session
1661646214463	RemoteAgent	INFO	Proxy settings initialised: {"proxyType":"manual","httpProxy":"127.0.0.1:41771","sslProxy":"127.0.0.1:41771"}

(firefox-esr:83318): GLib-GObject-WARNING **: 20:23:56.051: ../../../gobject/gsignal.c:3600: signal name 'load_complete' is invalid for instance '0x7feb44044b30' of type 'MaiAtkType139'

(firefox-esr:83318): GLib-GObject-WARNING **: 20:23:56.052: ../../../gobject/gsignal.c:3600: signal name 'load_complete' is invalid for instance '0x7feb440446b0' of type 'MaiAtkType139'
console.error: (new TypeError("this.nodeHierarchy[this.currentIndex] is undefined", "resource://devtools/client/inspector/breadcrumbs.js", 804))
TypeError: this.nodeHierarchy[this.currentIndex] is undefined: scroll@resource://devtools/client/inspector/breadcrumbs.js:804:23
_emit@resource://devtools/shared/event-emitter.js:226:34
emit@resource://devtools/shared/event-emitter.js:172:18
emit@resource://devtools/shared/event-emitter.js:324:18
onOverflow@resource://devtools/client/inspector/breadcrumbs.js:205:10


(firefox-esr:83318): GLib-GObject-WARNING **: 20:24:22.767: ../../../gobject/gsignal.c:3600: signal name 'load_complete' is invalid for instance '0x7feb42dc5fb0' of type 'MaiAtkType139'
Exiting due to channel error.
Exiting due to channel error.
Exiting due to channel error.
1661646380437	geckodriver	INFO	Listening on 127.0.0.1:44973
1661646380455	mozrunner::runner	INFO	Running command: "/bin/firefox-esr" "--marionette" "--remote-debugging-port" "53453" "--remote-allow-hosts" "localhost" "-no-remote" "-profile" "/tmp/rust_mozprofile0ftcF8"
1661646382470	Marionette	INFO	Marionette enabled
console.warn: SearchSettings: "get: No settings file exists, new profile?" (new NotFoundError("Could not open the file at /tmp/rust_mozprofile0ftcF8/search.json.mozlz4", (void 0)))
DevTools listening on ws://localhost:53453/devtools/browser/768ef5f1-fde7-4e53-8118-19cbec0d2220
1661646389604	Marionette	INFO	Listening on port 42403
1661646389964	RemoteAgent	WARN	TLS certificate errors will be ignored for this session
1661646389977	RemoteAgent	INFO	Proxy settings initialised: {"proxyType":"manual","httpProxy":"127.0.0.1:37961","sslProxy":"127.0.0.1:37961"}
1661646401126	Marionette	INFO	Stopped listening on port 42403
JavaScript error: resource:///modules/Interactions.jsm, line 209: NS_ERROR_FAILURE: Component returned failure code: 0x80004005 (NS_ERROR_FAILURE) [nsIUserIdleService.removeIdleObserver]
JavaScript error: chrome://remote/content/marionette/cert.js, line 55: NS_ERROR_NOT_AVAILABLE: Component returned failure code: 0x80040111 (NS_ERROR_NOT_AVAILABLE) [nsICertOverrideService.setDisableAllSecurityChecksAndLetAttackersInterceptMyData]
!!! error running onStopped callback: TypeError: callback is not a function
1661646402649	RemoteAgent	ERROR	unable to stop listener: [Exception... "Component returned failure code: 0x8000ffff (NS_ERROR_UNEXPECTED) [nsIWindowMediator.getEnumerator]"  nsresult: "0x8000ffff (NS_ERROR_UNEXPECTED)"  location: "JS frame :: chrome://remote/content/cdp/observers/TargetObserver.jsm :: stop :: line 64"  data: no] Stack trace: stop()@TargetObserver.jsm:64
unwatchForTabs()@TargetList.jsm:70
unwatchForTargets()@TargetList.jsm:37
destructor()@TargetList.jsm:109
stop()@CDP.jsm:104
close()@RemoteAgent.jsm:138
1661646408516	geckodriver	INFO	Listening on 127.0.0.1:56959
1661646409064	mozrunner::runner	INFO	Running command: "/bin/firefox-esr" "--marionette" "--remote-debugging-port" "53923" "--remote-allow-hosts" "localhost" "-no-remote" "-profile" "/tmp/rust_mozprofileWxtqQW"
1661646410855	Marionette	INFO	Marionette enabled
console.warn: SearchSettings: "get: No settings file exists, new profile?" (new NotFoundError("Could not open the file at /tmp/rust_mozprofileWxtqQW/search.json.mozlz4", (void 0)))
DevTools listening on ws://localhost:53923/devtools/browser/6bbe82f8-a818-4a6e-8208-c00a55a4a646
1661646418231	Marionette	INFO	Listening on port 44097
1661646418335	RemoteAgent	WARN	TLS certificate errors will be ignored for this session
1661646418346	RemoteAgent	INFO	Proxy settings initialised: {"proxyType":"manual","httpProxy":"127.0.0.1:34771","sslProxy":"127.0.0.1:34771"}
Exiting due to channel error.
Exiting due to channel error.
Exiting due to channel error.
1661646473612	geckodriver	INFO	Listening on 127.0.0.1:51009
1661646474262	mozrunner::runner	INFO	Running command: "/bin/firefox-esr" "--marionette" "--remote-debugging-port" "46911" "--remote-allow-hosts" "localhost" "-no-remote" "-profile" "/tmp/rust_mozprofileVPDRXd"
1661646475933	Marionette	INFO	Marionette enabled
console.warn: SearchSettings: "get: No settings file exists, new profile?" (new NotFoundError("Could not open the file at /tmp/rust_mozprofileVPDRXd/search.json.mozlz4", (void 0)))
DevTools listening on ws://localhost:46911/devtools/browser/7094171e-4e56-4571-9730-5ff2c28ae668
1661646482498	Marionette	INFO	Listening on port 45799
1661646482747	RemoteAgent	WARN	TLS certificate errors will be ignored for this session
1661646482759	RemoteAgent	INFO	Proxy settings initialised: {"proxyType":"manual","httpProxy":"127.0.0.1:41021","sslProxy":"127.0.0.1:41021"}
console.error: Region.jsm: "Error fetching region" (new Error("TIMEOUT", "resource://gre/modules/Region.jsm", 772))
console.error: Region.jsm: "Failed to fetch region" (new Error("TIMEOUT", "resource://gre/modules/Region.jsm", 419))
1661646521169	Marionette	INFO	Stopped listening on port 45799
JavaScript error: resource:///modules/Interactions.jsm, line 209: NS_ERROR_FAILURE: Component returned failure code: 0x80004005 (NS_ERROR_FAILURE) [nsIUserIdleService.removeIdleObserver]
JavaScript error: chrome://remote/content/marionette/cert.js, line 55: NS_ERROR_NOT_AVAILABLE: Component returned failure code: 0x80040111 (NS_ERROR_NOT_AVAILABLE) [nsICertOverrideService.setDisableAllSecurityChecksAndLetAttackersInterceptMyData]
!!! error running onStopped callback: TypeError: callback is not a function

###!!! [Parent][RunMessage] Error: Channel closing: too late to send/recv, messages will be lost

1661646522661	RemoteAgent	ERROR	unable to stop listener: [Exception... "Component returned failure code: 0x8000ffff (NS_ERROR_UNEXPECTED) [nsIWindowMediator.getEnumerator]"  nsresult: "0x8000ffff (NS_ERROR_UNEXPECTED)"  location: "JS frame :: chrome://remote/content/cdp/observers/TargetObserver.jsm :: stop :: line 64"  data: no] Stack trace: stop()@TargetObserver.jsm:64
unwatchForTabs()@TargetList.jsm:70
unwatchForTargets()@TargetList.jsm:37
destructor()@TargetList.jsm:109
stop()@CDP.jsm:104
close()@RemoteAgent.jsm:138
1661646677903	geckodriver	INFO	Listening on 127.0.0.1:33055
1661646677938	mozrunner::runner	INFO	Running command: "/bin/firefox-esr" "--marionette" "--remote-debugging-port" "49759" "--remote-allow-hosts" "localhost" "-no-remote" "-profile" "/tmp/rust_mozprofilelxLhtk"
1661646680665	Marionette	INFO	Marionette enabled
1661646686468	geckodriver	INFO	Listening on 127.0.0.1:38415
1661646686489	mozrunner::runner	INFO	Running command: "/bin/firefox-esr" "--marionette" "--remote-debugging-port" "40903" "--remote-allow-hosts" "localhost" "-no-remote" "-profile" "/tmp/rust_mozprofile0BlRX5"
1661646688993	Marionette	INFO	Marionette enabled
console.warn: SearchSettings: "get: No settings file exists, new profile?" (new NotFoundError("Could not open the file at /tmp/rust_mozprofile0BlRX5/search.json.mozlz4", (void 0)))
DevTools listening on ws://localhost:40903/devtools/browser/94c59257-d0ab-4d15-8f7b-40b78f6973d0
1661646698743	Marionette	INFO	Listening on port 40191
1661646698885	RemoteAgent	WARN	TLS certificate errors will be ignored for this session
1661646698906	RemoteAgent	INFO	Proxy settings initialised: {"proxyType":"manual","httpProxy":"127.0.0.1:33647","sslProxy":"127.0.0.1:33647"}
1661646731676	Marionette	INFO	Stopped listening on port 40191
JavaScript error: resource:///modules/Interactions.jsm, line 209: NS_ERROR_FAILURE: Component returned failure code: 0x80004005 (NS_ERROR_FAILURE) [nsIUserIdleService.removeIdleObserver]
!!! error running onStopped callback: TypeError: callback is not a function
JavaScript error: chrome://remote/content/marionette/cert.js, line 55: NS_ERROR_NOT_AVAILABLE: Component returned failure code: 0x80040111 (NS_ERROR_NOT_AVAILABLE) [nsICertOverrideService.setDisableAllSecurityChecksAndLetAttackersInterceptMyData]

###!!! [Parent][RunMessage] Error: Channel closing: too late to send/recv, messages will be lost

1661646733532	RemoteAgent	ERROR	unable to stop listener: [Exception... "Component returned failure code: 0x8000ffff (NS_ERROR_UNEXPECTED) [nsIWindowMediator.getEnumerator]"  nsresult: "0x8000ffff (NS_ERROR_UNEXPECTED)"  location: "JS frame :: chrome://remote/content/cdp/observers/TargetObserver.jsm :: stop :: line 64"  data: no] Stack trace: stop()@TargetObserver.jsm:64
unwatchForTabs()@TargetList.jsm:70
unwatchForTargets()@TargetList.jsm:37
destructor()@TargetList.jsm:109
stop()@CDP.jsm:104
close()@RemoteAgent.jsm:138
1661646751205	geckodriver	INFO	Listening on 127.0.0.1:33159
1661646751750	mozrunner::runner	INFO	Running command: "/bin/firefox-esr" "--marionette" "--remote-debugging-port" "44375" "--remote-allow-hosts" "localhost" "-no-remote" "-profile" "/tmp/rust_mozprofilefRy1xi"
1661646753774	Marionette	INFO	Marionette enabled
console.warn: SearchSettings: "get: No settings file exists, new profile?" (new NotFoundError("Could not open the file at /tmp/rust_mozprofilefRy1xi/search.json.mozlz4", (void 0)))
DevTools listening on ws://localhost:44375/devtools/browser/6cbb0819-22d3-4737-bcc7-6f79d9d9045d
1661646764034	Marionette	INFO	Listening on port 36615
1661646764166	RemoteAgent	WARN	TLS certificate errors will be ignored for this session
1661646764176	RemoteAgent	INFO	Proxy settings initialised: {"proxyType":"manual","httpProxy":"127.0.0.1:44201","sslProxy":"127.0.0.1:44201"}

(firefox-esr:87695): GLib-GObject-WARNING **: 20:33:08.296: ../../../gobject/gsignal.c:3600: signal name 'load_complete' is invalid for instance '0x7fa46889c110' of type 'MaiAtkType139'

(firefox-esr:87695): GLib-GObject-WARNING **: 20:33:08.297: ../../../gobject/gsignal.c:3600: signal name 'load_complete' is invalid for instance '0x7fa46889cc50' of type 'MaiAtkType139'

(firefox-esr:87695): GLib-GObject-WARNING **: 20:33:09.904: ../../../gobject/gsignal.c:3600: signal name 'load_complete' is invalid for instance '0x7fa46841d410' of type 'MaiAtkType139'
1661646817810	Marionette	INFO	Stopped listening on port 36615
JavaScript error: resource:///modules/Interactions.jsm, line 209: NS_ERROR_FAILURE: Component returned failure code: 0x80004005 (NS_ERROR_FAILURE) [nsIUserIdleService.removeIdleObserver]
JavaScript error: chrome://remote/content/marionette/cert.js, line 55: NS_ERROR_NOT_AVAILABLE: Component returned failure code: 0x80040111 (NS_ERROR_NOT_AVAILABLE) [nsICertOverrideService.setDisableAllSecurityChecksAndLetAttackersInterceptMyData]
!!! error running onStopped callback: TypeError: callback is not a function
1661646820135	RemoteAgent	ERROR	unable to stop listener: [Exception... "Component returned failure code: 0x8000ffff (NS_ERROR_UNEXPECTED) [nsIWindowMediator.getEnumerator]"  nsresult: "0x8000ffff (NS_ERROR_UNEXPECTED)"  location: "JS frame :: chrome://remote/content/cdp/observers/TargetObserver.jsm :: stop :: line 64"  data: no] Stack trace: stop()@TargetObserver.jsm:64
unwatchForTabs()@TargetList.jsm:70
unwatchForTargets()@TargetList.jsm:37
destructor()@TargetList.jsm:109
stop()@CDP.jsm:104
close()@RemoteAgent.jsm:138
1661646857135	geckodriver	INFO	Listening on 127.0.0.1:48983
1661646857642	mozrunner::runner	INFO	Running command: "/bin/firefox-esr" "--marionette" "--remote-debugging-port" "33211" "--remote-allow-hosts" "localhost" "-no-remote" "-profile" "/tmp/rust_mozprofile0cykjt"
1661646860192	Marionette	INFO	Marionette enabled
console.warn: SearchSettings: "get: No settings file exists, new profile?" (new NotFoundError("Could not open the file at /tmp/rust_mozprofile0cykjt/search.json.mozlz4", (void 0)))
DevTools listening on ws://localhost:33211/devtools/browser/e84c8f01-5b4b-450f-95bc-f60bbe034d49
1661646868518	Marionette	INFO	Listening on port 44463
1661646868628	RemoteAgent	WARN	TLS certificate errors will be ignored for this session
1661646868642	RemoteAgent	INFO	Proxy settings initialised: {"proxyType":"manual","httpProxy":"127.0.0.1:34055","sslProxy":"127.0.0.1:34055"}
1661646882563	Marionette	INFO	Stopped listening on port 44463
JavaScript error: resource:///modules/Interactions.jsm, line 209: NS_ERROR_FAILURE: Component returned failure code: 0x80004005 (NS_ERROR_FAILURE) [nsIUserIdleService.removeIdleObserver]
!!! error running onStopped callback: TypeError: callback is not a function
JavaScript error: chrome://remote/content/marionette/cert.js, line 55: NS_ERROR_NOT_AVAILABLE: Component returned failure code: 0x80040111 (NS_ERROR_NOT_AVAILABLE) [nsICertOverrideService.setDisableAllSecurityChecksAndLetAttackersInterceptMyData]
1661646884254	RemoteAgent	ERROR	unable to stop listener: [Exception... "Component returned failure code: 0x8000ffff (NS_ERROR_UNEXPECTED) [nsIWindowMediator.getEnumerator]"  nsresult: "0x8000ffff (NS_ERROR_UNEXPECTED)"  location: "JS frame :: chrome://remote/content/cdp/observers/TargetObserver.jsm :: stop :: line 64"  data: no] Stack trace: stop()@TargetObserver.jsm:64
unwatchForTabs()@TargetList.jsm:70
unwatchForTargets()@TargetList.jsm:37
destructor()@TargetList.jsm:109
stop()@CDP.jsm:104
close()@RemoteAgent.jsm:138
1661646889341	geckodriver	INFO	Listening on 127.0.0.1:39187
1661646889364	mozrunner::runner	INFO	Running command: "/bin/firefox-esr" "--marionette" "--remote-debugging-port" "37591" "--remote-allow-hosts" "localhost" "-no-remote" "-profile" "/tmp/rust_mozprofileXQ2k5l"
1661646891122	Marionette	INFO	Marionette enabled
console.warn: SearchSettings: "get: No settings file exists, new profile?" (new NotFoundError("Could not open the file at /tmp/rust_mozprofileXQ2k5l/search.json.mozlz4", (void 0)))
console.error: Region.jsm: "Error fetching region" (new Error("TIMEOUT", "resource://gre/modules/Region.jsm", 772))
console.error: Region.jsm: "Failed to fetch region" (new Error("TIMEOUT", "resource://gre/modules/Region.jsm", 419))
DevTools listening on ws://localhost:37591/devtools/browser/7d5767f0-5630-4f8e-a7ad-0069b5548588
1661646900113	Marionette	INFO	Listening on port 42987
1661646900210	RemoteAgent	WARN	TLS certificate errors will be ignored for this session
1661646900218	RemoteAgent	INFO	Proxy settings initialised: {"proxyType":"manual","httpProxy":"127.0.0.1:45799","sslProxy":"127.0.0.1:45799"}
Exiting due to channel error.
Exiting due to channel error.
Exiting due to channel error.
1661647004335	geckodriver	INFO	Listening on 127.0.0.1:33529
1661647004374	mozrunner::runner	INFO	Running command: "/bin/firefox-esr" "--marionette" "--remote-debugging-port" "55553" "--remote-allow-hosts" "localhost" "-no-remote" "-profile" "/tmp/rust_mozprofilelgVFmp"
1661647006669	Marionette	INFO	Marionette enabled
console.warn: SearchSettings: "get: No settings file exists, new profile?" (new NotFoundError("Could not open the file at /tmp/rust_mozprofilelgVFmp/search.json.mozlz4", (void 0)))
DevTools listening on ws://localhost:55553/devtools/browser/92d1ffc2-ae36-4f8d-af9d-c01f38c7cd78
1661647013950	Marionette	INFO	Listening on port 39091
1661647014031	RemoteAgent	WARN	TLS certificate errors will be ignored for this session
1661647014042	RemoteAgent	INFO	Proxy settings initialised: {"proxyType":"manual","httpProxy":"127.0.0.1:45409","sslProxy":"127.0.0.1:45409"}
1661647039416	Marionette	INFO	Stopped listening on port 39091
JavaScript error: resource:///modules/Interactions.jsm, line 209: NS_ERROR_FAILURE: Component returned failure code: 0x80004005 (NS_ERROR_FAILURE) [nsIUserIdleService.removeIdleObserver]
!!! error running onStopped callback: TypeError: callback is not a function
JavaScript error: chrome://remote/content/marionette/cert.js, line 55: NS_ERROR_NOT_AVAILABLE: Component returned failure code: 0x80040111 (NS_ERROR_NOT_AVAILABLE) [nsICertOverrideService.setDisableAllSecurityChecksAndLetAttackersInterceptMyData]
1661647041653	RemoteAgent	ERROR	unable to stop listener: [Exception... "Component returned failure code: 0x8000ffff (NS_ERROR_UNEXPECTED) [nsIWindowMediator.getEnumerator]"  nsresult: "0x8000ffff (NS_ERROR_UNEXPECTED)"  location: "JS frame :: chrome://remote/content/cdp/observers/TargetObserver.jsm :: stop :: line 64"  data: no] Stack trace: stop()@TargetObserver.jsm:64
unwatchForTabs()@TargetList.jsm:70
unwatchForTargets()@TargetList.jsm:37
destructor()@TargetList.jsm:109
stop()@CDP.jsm:104
close()@RemoteAgent.jsm:138
1661647046326	geckodriver	INFO	Listening on 127.0.0.1:51135
1661647046357	mozrunner::runner	INFO	Running command: "/bin/firefox-esr" "--marionette" "--remote-debugging-port" "41343" "--remote-allow-hosts" "localhost" "-no-remote" "-profile" "/tmp/rust_mozprofileUVG1JY"
1661647048093	Marionette	INFO	Marionette enabled
console.warn: SearchSettings: "get: No settings file exists, new profile?" (new NotFoundError("Could not open the file at /tmp/rust_mozprofileUVG1JY/search.json.mozlz4", (void 0)))
DevTools listening on ws://localhost:41343/devtools/browser/6aa2264b-04e5-4f38-9971-6d30a3bb58f6
1661647056439	Marionette	INFO	Listening on port 41279
1661647056601	RemoteAgent	WARN	TLS certificate errors will be ignored for this session
1661647056617	RemoteAgent	INFO	Proxy settings initialised: {"proxyType":"manual","httpProxy":"127.0.0.1:44471","sslProxy":"127.0.0.1:44471"}
JavaScript error: https://www.deviceinfo.me/, line 197: ReferenceError: hardwareSpecsIject is not defined

(firefox-esr:90346): GLib-GObject-WARNING **: 20:37:54.070: ../../../gobject/gsignal.c:3600: signal name 'load_complete' is invalid for instance '0x7f30fdbc1290' of type 'MaiAtkType139'

(firefox-esr:90346): GLib-GObject-WARNING **: 20:37:54.070: ../../../gobject/gsignal.c:3600: signal name 'load_complete' is invalid for instance '0x7f30fdbc1830' of type 'MaiAtkType139'

(firefox-esr:90346): GLib-GObject-WARNING **: 20:37:59.519: ../../../gobject/gsignal.c:3600: signal name 'load_complete' is invalid for instance '0x7f3106df77d0' of type 'MaiAtkType139'
1661647117204	Marionette	INFO	Stopped listening on port 41279
JavaScript error: resource:///modules/Interactions.jsm, line 209: NS_ERROR_FAILURE: Component returned failure code: 0x80004005 (NS_ERROR_FAILURE) [nsIUserIdleService.removeIdleObserver]
JavaScript error: chrome://remote/content/marionette/cert.js, line 55: NS_ERROR_NOT_AVAILABLE: Component returned failure code: 0x80040111 (NS_ERROR_NOT_AVAILABLE) [nsICertOverrideService.setDisableAllSecurityChecksAndLetAttackersInterceptMyData]
!!! error running onStopped callback: TypeError: callback is not a function
1661647118992	RemoteAgent	ERROR	unable to stop listener: [Exception... "Component returned failure code: 0x8000ffff (NS_ERROR_UNEXPECTED) [nsIWindowMediator.getEnumerator]"  nsresult: "0x8000ffff (NS_ERROR_UNEXPECTED)"  location: "JS frame :: chrome://remote/content/cdp/observers/TargetObserver.jsm :: stop :: line 64"  data: no] Stack trace: stop()@TargetObserver.jsm:64
unwatchForTabs()@TargetList.jsm:70
unwatchForTargets()@TargetList.jsm:37
destructor()@TargetList.jsm:109
stop()@CDP.jsm:104
close()@RemoteAgent.jsm:138
1661647208092	geckodriver	INFO	Listening on 127.0.0.1:41985
1661647208615	mozrunner::runner	INFO	Running command: "/bin/firefox-esr" "--marionette" "--remote-debugging-port" "33759" "--remote-allow-hosts" "localhost" "-no-remote" "-profile" "/tmp/rust_mozprofileXi1Rlz"
1661647210331	Marionette	INFO	Marionette enabled
console.warn: SearchSettings: "get: No settings file exists, new profile?" (new NotFoundError("Could not open the file at /tmp/rust_mozprofileXi1Rlz/search.json.mozlz4", (void 0)))
DevTools listening on ws://localhost:33759/devtools/browser/f209aa9d-bc12-4c1a-b3a4-8d7e2c238c16
1661647217165	Marionette	INFO	Listening on port 40225
1661647217314	RemoteAgent	WARN	TLS certificate errors will be ignored for this session
1661647217328	RemoteAgent	INFO	Proxy settings initialised: {"proxyType":"manual","httpProxy":"127.0.0.1:44169","sslProxy":"127.0.0.1:44169"}
1661647227273	Marionette	INFO	Stopped listening on port 40225
JavaScript error: resource:///modules/Interactions.jsm, line 209: NS_ERROR_FAILURE: Component returned failure code: 0x80004005 (NS_ERROR_FAILURE) [nsIUserIdleService.removeIdleObserver]
!!! error running onStopped callback: TypeError: callback is not a function
JavaScript error: chrome://remote/content/marionette/cert.js, line 55: NS_ERROR_NOT_AVAILABLE: Component returned failure code: 0x80040111 (NS_ERROR_NOT_AVAILABLE) [nsICertOverrideService.setDisableAllSecurityChecksAndLetAttackersInterceptMyData]

###!!! [Parent][RunMessage] Error: Channel closing: too late to send/recv, messages will be lost

1661647228780	RemoteAgent	ERROR	unable to stop listener: [Exception... "Component returned failure code: 0x8000ffff (NS_ERROR_UNEXPECTED) [nsIWindowMediator.getEnumerator]"  nsresult: "0x8000ffff (NS_ERROR_UNEXPECTED)"  location: "JS frame :: chrome://remote/content/cdp/observers/TargetObserver.jsm :: stop :: line 64"  data: no] Stack trace: stop()@TargetObserver.jsm:64
unwatchForTabs()@TargetList.jsm:70
unwatchForTargets()@TargetList.jsm:37
destructor()@TargetList.jsm:109
stop()@CDP.jsm:104
close()@RemoteAgent.jsm:138
1661647233193	geckodriver	INFO	Listening on 127.0.0.1:47705
1661647233224	mozrunner::runner	INFO	Running command: "/bin/firefox-esr" "--marionette" "--remote-debugging-port" "45379" "--remote-allow-hosts" "localhost" "-no-remote" "-profile" "/tmp/rust_mozprofileYlF5L6"
1661647235205	Marionette	INFO	Marionette enabled
console.warn: SearchSettings: "get: No settings file exists, new profile?" (new NotFoundError("Could not open the file at /tmp/rust_mozprofileYlF5L6/search.json.mozlz4", (void 0)))
DevTools listening on ws://localhost:45379/devtools/browser/8491162c-7644-4d87-9665-cca9a9f3602a
1661647242934	Marionette	INFO	Listening on port 35437
1661647243035	RemoteAgent	WARN	TLS certificate errors will be ignored for this session
1661647243049	RemoteAgent	INFO	Proxy settings initialised: {"proxyType":"manual","httpProxy":"127.0.0.1:43419","sslProxy":"127.0.0.1:43419"}
1661647265136	Marionette	INFO	Stopped listening on port 35437
JavaScript error: resource:///modules/Interactions.jsm, line 209: NS_ERROR_FAILURE: Component returned failure code: 0x80004005 (NS_ERROR_FAILURE) [nsIUserIdleService.removeIdleObserver]
JavaScript error: chrome://remote/content/marionette/cert.js, line 55: NS_ERROR_NOT_AVAILABLE: Component returned failure code: 0x80040111 (NS_ERROR_NOT_AVAILABLE) [nsICertOverrideService.setDisableAllSecurityChecksAndLetAttackersInterceptMyData]
!!! error running onStopped callback: TypeError: callback is not a function
1661647267152	RemoteAgent	ERROR	unable to stop listener: [Exception... "Component returned failure code: 0x8000ffff (NS_ERROR_UNEXPECTED) [nsIWindowMediator.getEnumerator]"  nsresult: "0x8000ffff (NS_ERROR_UNEXPECTED)"  location: "JS frame :: chrome://remote/content/cdp/observers/TargetObserver.jsm :: stop :: line 64"  data: no] Stack trace: stop()@TargetObserver.jsm:64
unwatchForTabs()@TargetList.jsm:70
unwatchForTargets()@TargetList.jsm:37
destructor()@TargetList.jsm:109
stop()@CDP.jsm:104
close()@RemoteAgent.jsm:138
1661647362370	geckodriver	INFO	Listening on 127.0.0.1:42171
1661647362397	mozrunner::runner	INFO	Running command: "/bin/firefox-esr" "--marionette" "--remote-debugging-port" "42641" "--remote-allow-hosts" "localhost" "-no-remote" "-profile" "/tmp/rust_mozprofilejwY8xx"
1661647363596	Marionette	INFO	Marionette enabled
console.warn: SearchSettings: "get: No settings file exists, new profile?" (new NotFoundError("Could not open the file at /tmp/rust_mozprofilejwY8xx/search.json.mozlz4", (void 0)))
DevTools listening on ws://localhost:42641/devtools/browser/6fd04f00-48a9-4555-a058-3ee8f04c04cb
1661647371777	Marionette	INFO	Listening on port 39915
1661647371992	RemoteAgent	WARN	TLS certificate errors will be ignored for this session
1661647372004	RemoteAgent	INFO	Proxy settings initialised: {"proxyType":"manual","httpProxy":"127.0.0.1:45849","sslProxy":"127.0.0.1:45849"}

(firefox-esr:92873): GLib-GObject-WARNING **: 20:43:14.913: ../../../gobject/gsignal.c:3600: signal name 'load_complete' is invalid for instance '0x7f8053934e90' of type 'MaiAtkType139'

(firefox-esr:92873): GLib-GObject-WARNING **: 20:43:14.913: ../../../gobject/gsignal.c:3600: signal name 'load_complete' is invalid for instance '0x7f8053934ef0' of type 'MaiAtkType139'

(firefox-esr:92873): GLib-GObject-WARNING **: 20:43:17.763: ../../../gobject/gsignal.c:3600: signal name 'load_complete' is invalid for instance '0x7f8050f3b710' of type 'MaiAtkType139'
IPDL protocol error: Handler returned error code!

###!!! [Parent][DispatchAsyncMessage] Error: PClientManager::Msg_ExpectFutureClientSource Processing error: message was deserialized, but the handler returned false (indicating failure)

IPDL protocol error: Handler returned error code!

###!!! [Parent][DispatchAsyncMessage] Error: PClientManager::Msg_ForgetFutureClientSource Processing error: message was deserialized, but the handler returned false (indicating failure)

1661647496761	Marionette	INFO	Stopped listening on port 39915
JavaScript error: resource:///modules/Interactions.jsm, line 209: NS_ERROR_FAILURE: Component returned failure code: 0x80004005 (NS_ERROR_FAILURE) [nsIUserIdleService.removeIdleObserver]
JavaScript error: chrome://remote/content/marionette/cert.js, line 55: NS_ERROR_NOT_AVAILABLE: Component returned failure code: 0x80040111 (NS_ERROR_NOT_AVAILABLE) [nsICertOverrideService.setDisableAllSecurityChecksAndLetAttackersInterceptMyData]
!!! error running onStopped callback: TypeError: callback is not a function
1661647498596	RemoteAgent	ERROR	unable to stop listener: [Exception... "Component returned failure code: 0x8000ffff (NS_ERROR_UNEXPECTED) [nsIWindowMediator.getEnumerator]"  nsresult: "0x8000ffff (NS_ERROR_UNEXPECTED)"  location: "JS frame :: chrome://remote/content/cdp/observers/TargetObserver.jsm :: stop :: line 64"  data: no] Stack trace: stop()@TargetObserver.jsm:64
unwatchForTabs()@TargetList.jsm:70
unwatchForTargets()@TargetList.jsm:37
destructor()@TargetList.jsm:109
stop()@CDP.jsm:104
close()@RemoteAgent.jsm:138
1661647573483	geckodriver	INFO	Listening on 127.0.0.1:33515
1661647573529	mozrunner::runner	INFO	Running command: "/bin/firefox-esr" "--marionette" "--remote-debugging-port" "40593" "--remote-allow-hosts" "localhost" "-no-remote" "-profile" "/tmp/rust_mozprofileZxI2Mz"
1661647575688	Marionette	INFO	Marionette enabled
console.warn: SearchSettings: "get: No settings file exists, new profile?" (new NotFoundError("Could not open the file at /tmp/rust_mozprofileZxI2Mz/search.json.mozlz4", (void 0)))
DevTools listening on ws://localhost:40593/devtools/browser/c4e7384e-4b05-4685-8d44-9301d400fcd9
1661647584189	Marionette	INFO	Listening on port 46179
1661647584350	RemoteAgent	WARN	TLS certificate errors will be ignored for this session
1661647584365	RemoteAgent	INFO	Proxy settings initialised: {"proxyType":"manual","httpProxy":"127.0.0.1:39431","sslProxy":"127.0.0.1:39431"}

(firefox-esr:94124): GLib-GObject-WARNING **: 20:46:39.352: ../../../gobject/gsignal.c:3600: signal name 'load_complete' is invalid for instance '0x7fae7c5fb050' of type 'MaiAtkType139'

(firefox-esr:94124): GLib-GObject-WARNING **: 20:46:39.352: ../../../gobject/gsignal.c:3600: signal name 'load_complete' is invalid for instance '0x7fae7c5fba70' of type 'MaiAtkType139'

(firefox-esr:94124): GLib-GObject-WARNING **: 20:46:42.604: ../../../gobject/gsignal.c:3600: signal name 'load_complete' is invalid for instance '0x7fae7ae60fb0' of type 'MaiAtkType139'
Exiting due to channel error.
Exiting due to channel error.
Exiting due to channel error.
1661647641132	geckodriver	INFO	Listening on 127.0.0.1:48507
1661647641177	mozrunner::runner	INFO	Running command: "/bin/firefox-esr" "--marionette" "--remote-debugging-port" "59285" "--remote-allow-hosts" "localhost" "-no-remote" "-profile" "/tmp/rust_mozprofileDdAGF8"
1661647642835	Marionette	INFO	Marionette enabled
console.warn: SearchSettings: "get: No settings file exists, new profile?" (new NotFoundError("Could not open the file at /tmp/rust_mozprofileDdAGF8/search.json.mozlz4", (void 0)))
DevTools listening on ws://localhost:59285/devtools/browser/448847f3-dc8f-4879-9a6e-a35a095d1cbe
1661647651459	Marionette	INFO	Listening on port 41539
1661647651642	RemoteAgent	WARN	TLS certificate errors will be ignored for this session
1661647651659	RemoteAgent	INFO	Proxy settings initialised: {"proxyType":"manual","httpProxy":"127.0.0.1:37227","sslProxy":"127.0.0.1:37227"}
JavaScript error: https://www.deviceinfo.me/, line 15: ReferenceError: hardwareSpecsInject is not defined
Exiting due to channel error.
Exiting due to channel error.
Exiting due to channel error.
1661647696327	geckodriver	INFO	Listening on 127.0.0.1:55853
1661647696854	mozrunner::runner	INFO	Running command: "/bin/firefox-esr" "--marionette" "--remote-debugging-port" "52567" "--remote-allow-hosts" "localhost" "-no-remote" "-profile" "/tmp/rust_mozprofilesoCbxl"
1661647698360	Marionette	INFO	Marionette enabled
console.warn: SearchSettings: "get: No settings file exists, new profile?" (new NotFoundError("Could not open the file at /tmp/rust_mozprofilesoCbxl/search.json.mozlz4", (void 0)))
DevTools listening on ws://localhost:52567/devtools/browser/86da8bc0-ac3e-49ee-b8bf-672b86ca8fbf
1661647705424	Marionette	INFO	Listening on port 40619
1661647705553	RemoteAgent	WARN	TLS certificate errors will be ignored for this session
1661647705562	RemoteAgent	INFO	Proxy settings initialised: {"proxyType":"manual","httpProxy":"127.0.0.1:42553","sslProxy":"127.0.0.1:42553"}
JavaScript error: https://www.deviceinfo.me/, line 10: ReferenceError: hardwareSpecsInject is not defined
Exiting due to channel error.
Exiting due to channel error.
Exiting due to channel error.
1661647771789	geckodriver	INFO	Listening on 127.0.0.1:46871
1661647771806	mozrunner::runner	INFO	Running command: "/bin/firefox-esr" "--marionette" "--remote-debugging-port" "59209" "--remote-allow-hosts" "localhost" "-no-remote" "-profile" "/tmp/rust_mozprofileTqKRWU"
1661647772967	Marionette	INFO	Marionette enabled
console.warn: SearchSettings: "get: No settings file exists, new profile?" (new NotFoundError("Could not open the file at /tmp/rust_mozprofileTqKRWU/search.json.mozlz4", (void 0)))
DevTools listening on ws://localhost:59209/devtools/browser/4d3e6b5e-3425-44c1-b827-04fd93b040f4
1661647781224	Marionette	INFO	Listening on port 38793
1661647781616	RemoteAgent	WARN	TLS certificate errors will be ignored for this session
1661647781632	RemoteAgent	INFO	Proxy settings initialised: {"proxyType":"manual","httpProxy":"127.0.0.1:37909","sslProxy":"127.0.0.1:37909"}

(firefox-esr:96172): GLib-GObject-WARNING **: 20:50:01.430: ../../../gobject/gsignal.c:3600: signal name 'load_complete' is invalid for instance '0x7f1067f144d0' of type 'MaiAtkType139'

(firefox-esr:96172): GLib-GObject-WARNING **: 20:50:01.431: ../../../gobject/gsignal.c:3600: signal name 'load_complete' is invalid for instance '0x7f1067f14590' of type 'MaiAtkType139'

(firefox-esr:96172): GLib-GObject-WARNING **: 20:50:03.568: ../../../gobject/gsignal.c:3600: signal name 'load_complete' is invalid for instance '0x7f1067c15050' of type 'MaiAtkType139'
Exiting due to channel error.
Exiting due to channel error.
Exiting due to channel error.
1661647822939	geckodriver	INFO	Listening on 127.0.0.1:52481
1661647823420	mozrunner::runner	INFO	Running command: "/bin/firefox-esr" "--marionette" "--remote-debugging-port" "45039" "--remote-allow-hosts" "localhost" "-no-remote" "-profile" "/tmp/rust_mozprofileIsBG3R"
1661647825042	Marionette	INFO	Marionette enabled
console.warn: SearchSettings: "get: No settings file exists, new profile?" (new NotFoundError("Could not open the file at /tmp/rust_mozprofileIsBG3R/search.json.mozlz4", (void 0)))
DevTools listening on ws://localhost:45039/devtools/browser/99092d3b-b343-47b1-a05e-11c5addbec6d
1661647832083	Marionette	INFO	Listening on port 39095
1661647832179	RemoteAgent	WARN	TLS certificate errors will be ignored for this session
1661647832189	RemoteAgent	INFO	Proxy settings initialised: {"proxyType":"manual","httpProxy":"127.0.0.1:36633","sslProxy":"127.0.0.1:36633"}
Exiting due to channel error.
Exiting due to channel error.
Exiting due to channel error.
1661647923906	geckodriver	INFO	Listening on 127.0.0.1:52759
1661647924445	mozrunner::runner	INFO	Running command: "/bin/firefox-esr" "--marionette" "--remote-debugging-port" "46881" "--remote-allow-hosts" "localhost" "-no-remote" "-profile" "/tmp/rust_mozprofilehEosyM"
1661647926162	Marionette	INFO	Marionette enabled
console.warn: SearchSettings: "get: No settings file exists, new profile?" (new NotFoundError("Could not open the file at /tmp/rust_mozprofilehEosyM/search.json.mozlz4", (void 0)))
DevTools listening on ws://localhost:46881/devtools/browser/9daa79c1-fca4-4dee-8907-382d7df559ac
1661647932903	Marionette	INFO	Listening on port 34453
1661647933056	RemoteAgent	WARN	TLS certificate errors will be ignored for this session
1661647933064	RemoteAgent	INFO	Proxy settings initialised: {"proxyType":"manual","httpProxy":"127.0.0.1:37851","sslProxy":"127.0.0.1:37851"}
Exiting due to channel error.
Exiting due to channel error.
Exiting due to channel error.
1661647970656	geckodriver	INFO	Listening on 127.0.0.1:54355
1661647971087	mozrunner::runner	INFO	Running command: "/bin/firefox-esr" "--marionette" "--remote-debugging-port" "45937" "--remote-allow-hosts" "localhost" "-no-remote" "-profile" "/tmp/rust_mozprofilehgDfuX"
1661647972636	Marionette	INFO	Marionette enabled
console.warn: SearchSettings: "get: No settings file exists, new profile?" (new NotFoundError("Could not open the file at /tmp/rust_mozprofilehgDfuX/search.json.mozlz4", (void 0)))
DevTools listening on ws://localhost:45937/devtools/browser/37ee7386-30c9-48c0-a6b3-f7e014dea1fa
1661647981080	Marionette	INFO	Listening on port 43653
1661647981278	RemoteAgent	WARN	TLS certificate errors will be ignored for this session
1661647981287	RemoteAgent	INFO	Proxy settings initialised: {"proxyType":"manual","httpProxy":"127.0.0.1:39927","sslProxy":"127.0.0.1:39927"}
1661647994455	Marionette	INFO	Stopped listening on port 43653
JavaScript error: resource:///modules/Interactions.jsm, line 209: NS_ERROR_FAILURE: Component returned failure code: 0x80004005 (NS_ERROR_FAILURE) [nsIUserIdleService.removeIdleObserver]
JavaScript error: chrome://remote/content/marionette/cert.js, line 55: NS_ERROR_NOT_AVAILABLE: Component returned failure code: 0x80040111 (NS_ERROR_NOT_AVAILABLE) [nsICertOverrideService.setDisableAllSecurityChecksAndLetAttackersInterceptMyData]
!!! error running onStopped callback: TypeError: callback is not a function
1661647996074	RemoteAgent	ERROR	unable to stop listener: [Exception... "Component returned failure code: 0x8000ffff (NS_ERROR_UNEXPECTED) [nsIWindowMediator.getEnumerator]"  nsresult: "0x8000ffff (NS_ERROR_UNEXPECTED)"  location: "JS frame :: chrome://remote/content/cdp/observers/TargetObserver.jsm :: stop :: line 64"  data: no] Stack trace: stop()@TargetObserver.jsm:64
unwatchForTabs()@TargetList.jsm:70
unwatchForTargets()@TargetList.jsm:37
destructor()@TargetList.jsm:109
stop()@CDP.jsm:104
close()@RemoteAgent.jsm:138
1661648008287	geckodriver	INFO	Listening on 127.0.0.1:53501
1661648008317	mozrunner::runner	INFO	Running command: "/bin/firefox-esr" "--marionette" "--remote-debugging-port" "44085" "--remote-allow-hosts" "localhost" "-no-remote" "-profile" "/tmp/rust_mozprofilefLhxvV"
1661648010140	Marionette	INFO	Marionette enabled
console.warn: SearchSettings: "get: No settings file exists, new profile?" (new NotFoundError("Could not open the file at /tmp/rust_mozprofilefLhxvV/search.json.mozlz4", (void 0)))
DevTools listening on ws://localhost:44085/devtools/browser/5972f177-0654-4cad-a9d0-072d9cf0f052
1661648017791	Marionette	INFO	Listening on port 44483
1661648018040	RemoteAgent	WARN	TLS certificate errors will be ignored for this session
1661648018061	RemoteAgent	INFO	Proxy settings initialised: {"proxyType":"manual","httpProxy":"127.0.0.1:41819","sslProxy":"127.0.0.1:41819"}
1661648031252	Marionette	INFO	Stopped listening on port 44483
JavaScript error: resource:///modules/Interactions.jsm, line 209: NS_ERROR_FAILURE: Component returned failure code: 0x80004005 (NS_ERROR_FAILURE) [nsIUserIdleService.removeIdleObserver]
JavaScript error: chrome://remote/content/marionette/cert.js, line 55: NS_ERROR_NOT_AVAILABLE: Component returned failure code: 0x80040111 (NS_ERROR_NOT_AVAILABLE) [nsICertOverrideService.setDisableAllSecurityChecksAndLetAttackersInterceptMyData]
!!! error running onStopped callback: TypeError: callback is not a function
1661648032877	RemoteAgent	ERROR	unable to stop listener: [Exception... "Component returned failure code: 0x8000ffff (NS_ERROR_UNEXPECTED) [nsIWindowMediator.getEnumerator]"  nsresult: "0x8000ffff (NS_ERROR_UNEXPECTED)"  location: "JS frame :: chrome://remote/content/cdp/observers/TargetObserver.jsm :: stop :: line 64"  data: no] Stack trace: stop()@TargetObserver.jsm:64
unwatchForTabs()@TargetList.jsm:70
unwatchForTargets()@TargetList.jsm:37
destructor()@TargetList.jsm:109
stop()@CDP.jsm:104
close()@RemoteAgent.jsm:138
1661648041960	geckodriver	INFO	Listening on 127.0.0.1:53701
1661648042480	mozrunner::runner	INFO	Running command: "/bin/firefox-esr" "--marionette" "--remote-debugging-port" "34637" "--remote-allow-hosts" "localhost" "-no-remote" "-profile" "/tmp/rust_mozprofileHc5OUW"
1661648043668	Marionette	INFO	Marionette enabled
console.warn: SearchSettings: "get: No settings file exists, new profile?" (new NotFoundError("Could not open the file at /tmp/rust_mozprofileHc5OUW/search.json.mozlz4", (void 0)))
DevTools listening on ws://localhost:34637/devtools/browser/48f7d0d5-b615-418b-b07b-c5c8b6d31658
1661648051643	Marionette	INFO	Listening on port 39899
1661648051739	RemoteAgent	WARN	TLS certificate errors will be ignored for this session
1661648051753	RemoteAgent	INFO	Proxy settings initialised: {"proxyType":"manual","httpProxy":"127.0.0.1:42303","sslProxy":"127.0.0.1:42303"}
1661648065330	Marionette	INFO	Stopped listening on port 39899
JavaScript error: resource:///modules/Interactions.jsm, line 209: NS_ERROR_FAILURE: Component returned failure code: 0x80004005 (NS_ERROR_FAILURE) [nsIUserIdleService.removeIdleObserver]
!!! error running onStopped callback: TypeError: callback is not a function
JavaScript error: chrome://remote/content/marionette/cert.js, line 55: NS_ERROR_NOT_AVAILABLE: Component returned failure code: 0x80040111 (NS_ERROR_NOT_AVAILABLE) [nsICertOverrideService.setDisableAllSecurityChecksAndLetAttackersInterceptMyData]

###!!! [Parent][RunMessage] Error: Channel closing: too late to send/recv, messages will be lost

1661648066783	RemoteAgent	ERROR	unable to stop listener: [Exception... "Component returned failure code: 0x8000ffff (NS_ERROR_UNEXPECTED) [nsIWindowMediator.getEnumerator]"  nsresult: "0x8000ffff (NS_ERROR_UNEXPECTED)"  location: "JS frame :: chrome://remote/content/cdp/observers/TargetObserver.jsm :: stop :: line 64"  data: no] Stack trace: stop()@TargetObserver.jsm:64
unwatchForTabs()@TargetList.jsm:70
unwatchForTargets()@TargetList.jsm:37
destructor()@TargetList.jsm:109
stop()@CDP.jsm:104
close()@RemoteAgent.jsm:138
1661648076612	geckodriver	INFO	Listening on 127.0.0.1:53255
1661648076633	mozrunner::runner	INFO	Running command: "/bin/firefox-esr" "--marionette" "--remote-debugging-port" "53965" "--remote-allow-hosts" "localhost" "-no-remote" "-profile" "/tmp/rust_mozprofileBEi9xt"
1661648077946	Marionette	INFO	Marionette enabled
console.warn: SearchSettings: "get: No settings file exists, new profile?" (new NotFoundError("Could not open the file at /tmp/rust_mozprofileBEi9xt/search.json.mozlz4", (void 0)))
DevTools listening on ws://localhost:53965/devtools/browser/2038fac1-8f82-43da-a155-09f137cdada9
1661648085976	Marionette	INFO	Listening on port 41531
1661648086137	RemoteAgent	WARN	TLS certificate errors will be ignored for this session
1661648086148	RemoteAgent	INFO	Proxy settings initialised: {"proxyType":"manual","httpProxy":"127.0.0.1:33607","sslProxy":"127.0.0.1:33607"}
JavaScript error: https://www.deviceinfo.me/, line 9: SyntaxError: missing } after property list
JavaScript note: https://www.deviceinfo.me/, line 3: { opened at line 3, column 23

(firefox-esr:99729): GLib-GObject-WARNING **: 20:55:00.089: ../../../gobject/gsignal.c:3600: signal name 'load_complete' is invalid for instance '0x7f0c32b07290' of type 'MaiAtkType139'

(firefox-esr:99729): GLib-GObject-WARNING **: 20:55:00.089: ../../../gobject/gsignal.c:3600: signal name 'load_complete' is invalid for instance '0x7f0c360d4a70' of type 'MaiAtkType139'

(firefox-esr:99729): GLib-GObject-WARNING **: 20:55:01.904: ../../../gobject/gsignal.c:3600: signal name 'load_complete' is invalid for instance '0x7f0c236aeef0' of type 'MaiAtkType139'
1661648113760	Marionette	INFO	Stopped listening on port 41531
JavaScript error: resource:///modules/Interactions.jsm, line 209: NS_ERROR_FAILURE: Component returned failure code: 0x80004005 (NS_ERROR_FAILURE) [nsIUserIdleService.removeIdleObserver]
JavaScript error: chrome://remote/content/marionette/cert.js, line 55: NS_ERROR_NOT_AVAILABLE: Component returned failure code: 0x80040111 (NS_ERROR_NOT_AVAILABLE) [nsICertOverrideService.setDisableAllSecurityChecksAndLetAttackersInterceptMyData]
!!! error running onStopped callback: TypeError: callback is not a function
1661648115685	RemoteAgent	ERROR	unable to stop listener: [Exception... "Component returned failure code: 0x8000ffff (NS_ERROR_UNEXPECTED) [nsIWindowMediator.getEnumerator]"  nsresult: "0x8000ffff (NS_ERROR_UNEXPECTED)"  location: "JS frame :: chrome://remote/content/cdp/observers/TargetObserver.jsm :: stop :: line 64"  data: no] Stack trace: stop()@TargetObserver.jsm:64
unwatchForTabs()@TargetList.jsm:70
unwatchForTargets()@TargetList.jsm:37
destructor()@TargetList.jsm:109
stop()@CDP.jsm:104
close()@RemoteAgent.jsm:138
1661648139854	geckodriver	INFO	Listening on 127.0.0.1:39973
1661648140389	mozrunner::runner	INFO	Running command: "/bin/firefox-esr" "--marionette" "--remote-debugging-port" "42057" "--remote-allow-hosts" "localhost" "-no-remote" "-profile" "/tmp/rust_mozprofilehHzFIv"
1661648142225	Marionette	INFO	Marionette enabled
console.warn: SearchSettings: "get: No settings file exists, new profile?" (new NotFoundError("Could not open the file at /tmp/rust_mozprofilehHzFIv/search.json.mozlz4", (void 0)))
DevTools listening on ws://localhost:42057/devtools/browser/e9e2a89d-3b08-400e-b532-0df88c35e46f
1661648150133	Marionette	INFO	Listening on port 44491
1661648150309	RemoteAgent	WARN	TLS certificate errors will be ignored for this session
1661648150318	RemoteAgent	INFO	Proxy settings initialised: {"proxyType":"manual","httpProxy":"127.0.0.1:45011","sslProxy":"127.0.0.1:45011"}
1661648162284	Marionette	INFO	Stopped listening on port 44491
JavaScript error: resource:///modules/Interactions.jsm, line 209: NS_ERROR_FAILURE: Component returned failure code: 0x80004005 (NS_ERROR_FAILURE) [nsIUserIdleService.removeIdleObserver]
JavaScript error: chrome://remote/content/marionette/cert.js, line 55: NS_ERROR_NOT_AVAILABLE: Component returned failure code: 0x80040111 (NS_ERROR_NOT_AVAILABLE) [nsICertOverrideService.setDisableAllSecurityChecksAndLetAttackersInterceptMyData]
!!! error running onStopped callback: TypeError: callback is not a function
1661648163868	RemoteAgent	ERROR	unable to stop listener: [Exception... "Component returned failure code: 0x8000ffff (NS_ERROR_UNEXPECTED) [nsIWindowMediator.getEnumerator]"  nsresult: "0x8000ffff (NS_ERROR_UNEXPECTED)"  location: "JS frame :: chrome://remote/content/cdp/observers/TargetObserver.jsm :: stop :: line 64"  data: no] Stack trace: stop()@TargetObserver.jsm:64
unwatchForTabs()@TargetList.jsm:70
unwatchForTargets()@TargetList.jsm:37
destructor()@TargetList.jsm:109
stop()@CDP.jsm:104
close()@RemoteAgent.jsm:138
1661648176117	geckodriver	INFO	Listening on 127.0.0.1:55589
1661648176134	mozrunner::runner	INFO	Running command: "/bin/firefox-esr" "--marionette" "--remote-debugging-port" "47449" "--remote-allow-hosts" "localhost" "-no-remote" "-profile" "/tmp/rust_mozprofiled1P9HR"
1661648177282	Marionette	INFO	Marionette enabled
console.warn: SearchSettings: "get: No settings file exists, new profile?" (new NotFoundError("Could not open the file at /tmp/rust_mozprofiled1P9HR/search.json.mozlz4", (void 0)))
DevTools listening on ws://localhost:47449/devtools/browser/26a42048-c2c9-4437-8f60-19c2ef5dd798
1661648185165	Marionette	INFO	Listening on port 38579
1661648185356	RemoteAgent	WARN	TLS certificate errors will be ignored for this session
1661648185367	RemoteAgent	INFO	Proxy settings initialised: {"proxyType":"manual","httpProxy":"127.0.0.1:44711","sslProxy":"127.0.0.1:44711"}
1661648194869	Marionette	INFO	Stopped listening on port 38579
JavaScript error: resource:///modules/Interactions.jsm, line 209: NS_ERROR_FAILURE: Component returned failure code: 0x80004005 (NS_ERROR_FAILURE) [nsIUserIdleService.removeIdleObserver]
!!! error running onStopped callback: TypeError: callback is not a function
JavaScript error: chrome://remote/content/marionette/cert.js, line 55: NS_ERROR_NOT_AVAILABLE: Component returned failure code: 0x80040111 (NS_ERROR_NOT_AVAILABLE) [nsICertOverrideService.setDisableAllSecurityChecksAndLetAttackersInterceptMyData]
1661648196169	RemoteAgent	ERROR	unable to stop listener: [Exception... "Component returned failure code: 0x8000ffff (NS_ERROR_UNEXPECTED) [nsIWindowMediator.getEnumerator]"  nsresult: "0x8000ffff (NS_ERROR_UNEXPECTED)"  location: "JS frame :: chrome://remote/content/cdp/observers/TargetObserver.jsm :: stop :: line 64"  data: no] Stack trace: stop()@TargetObserver.jsm:64
unwatchForTabs()@TargetList.jsm:70
unwatchForTargets()@TargetList.jsm:37
destructor()@TargetList.jsm:109
stop()@CDP.jsm:104
close()@RemoteAgent.jsm:138
1661648214228	geckodriver	INFO	Listening on 127.0.0.1:53587
1661648214752	mozrunner::runner	INFO	Running command: "/bin/firefox-esr" "--marionette" "--remote-debugging-port" "55469" "--remote-allow-hosts" "localhost" "-no-remote" "-profile" "/tmp/rust_mozprofilet7Nin6"
1661648216196	Marionette	INFO	Marionette enabled
console.warn: SearchSettings: "get: No settings file exists, new profile?" (new NotFoundError("Could not open the file at /tmp/rust_mozprofilet7Nin6/search.json.mozlz4", (void 0)))
DevTools listening on ws://localhost:55469/devtools/browser/d23daf6d-4d87-45c8-96ca-1507a55f5b2f
1661648222696	Marionette	INFO	Listening on port 41961
1661648222815	RemoteAgent	WARN	TLS certificate errors will be ignored for this session
1661648222824	RemoteAgent	INFO	Proxy settings initialised: {"proxyType":"manual","httpProxy":"127.0.0.1:33143","sslProxy":"127.0.0.1:33143"}
1661648242797	Marionette	INFO	Stopped listening on port 41961
JavaScript error: resource:///modules/Interactions.jsm, line 209: NS_ERROR_FAILURE: Component returned failure code: 0x80004005 (NS_ERROR_FAILURE) [nsIUserIdleService.removeIdleObserver]
JavaScript error: chrome://remote/content/marionette/cert.js, line 55: NS_ERROR_NOT_AVAILABLE: Component returned failure code: 0x80040111 (NS_ERROR_NOT_AVAILABLE) [nsICertOverrideService.setDisableAllSecurityChecksAndLetAttackersInterceptMyData]
!!! error running onStopped callback: TypeError: callback is not a function
1661648244409	RemoteAgent	ERROR	unable to stop listener: [Exception... "Component returned failure code: 0x8000ffff (NS_ERROR_UNEXPECTED) [nsIWindowMediator.getEnumerator]"  nsresult: "0x8000ffff (NS_ERROR_UNEXPECTED)"  location: "JS frame :: chrome://remote/content/cdp/observers/TargetObserver.jsm :: stop :: line 64"  data: no] Stack trace: stop()@TargetObserver.jsm:64
unwatchForTabs()@TargetList.jsm:70
unwatchForTargets()@TargetList.jsm:37
destructor()@TargetList.jsm:109
stop()@CDP.jsm:104
close()@RemoteAgent.jsm:138
1661648264201	geckodriver	INFO	Listening on 127.0.0.1:51597
1661648264221	mozrunner::runner	INFO	Running command: "/bin/firefox-esr" "--marionette" "--remote-debugging-port" "51211" "--remote-allow-hosts" "localhost" "-no-remote" "-profile" "/tmp/rust_mozprofileJ0WIlU"
1661648265823	Marionette	INFO	Marionette enabled
console.warn: SearchSettings: "get: No settings file exists, new profile?" (new NotFoundError("Could not open the file at /tmp/rust_mozprofileJ0WIlU/search.json.mozlz4", (void 0)))
DevTools listening on ws://localhost:51211/devtools/browser/072ebabd-182a-4f84-abcf-f696a718c51b
1661648273253	Marionette	INFO	Listening on port 37023
1661648273402	RemoteAgent	WARN	TLS certificate errors will be ignored for this session
1661648273422	RemoteAgent	INFO	Proxy settings initialised: {"proxyType":"manual","httpProxy":"127.0.0.1:44049","sslProxy":"127.0.0.1:44049"}
1661648284439	Marionette	INFO	Stopped listening on port 37023
JavaScript error: resource:///modules/Interactions.jsm, line 209: NS_ERROR_FAILURE: Component returned failure code: 0x80004005 (NS_ERROR_FAILURE) [nsIUserIdleService.removeIdleObserver]
JavaScript error: chrome://remote/content/marionette/cert.js, line 55: NS_ERROR_NOT_AVAILABLE: Component returned failure code: 0x80040111 (NS_ERROR_NOT_AVAILABLE) [nsICertOverrideService.setDisableAllSecurityChecksAndLetAttackersInterceptMyData]
!!! error running onStopped callback: TypeError: callback is not a function
1661648286352	RemoteAgent	ERROR	unable to stop listener: [Exception... "Component returned failure code: 0x8000ffff (NS_ERROR_UNEXPECTED) [nsIWindowMediator.getEnumerator]"  nsresult: "0x8000ffff (NS_ERROR_UNEXPECTED)"  location: "JS frame :: chrome://remote/content/cdp/observers/TargetObserver.jsm :: stop :: line 64"  data: no] Stack trace: stop()@TargetObserver.jsm:64
unwatchForTabs()@TargetList.jsm:70
unwatchForTargets()@TargetList.jsm:37
destructor()@TargetList.jsm:109
stop()@CDP.jsm:104
close()@RemoteAgent.jsm:138
1661648297133	geckodriver	INFO	Listening on 127.0.0.1:41939
1661648297653	mozrunner::runner	INFO	Running command: "/bin/firefox-esr" "--marionette" "--remote-debugging-port" "32843" "--remote-allow-hosts" "localhost" "-no-remote" "-profile" "/tmp/rust_mozprofilebpGw5c"
1661648299353	Marionette	INFO	Marionette enabled
console.warn: SearchSettings: "get: No settings file exists, new profile?" (new NotFoundError("Could not open the file at /tmp/rust_mozprofilebpGw5c/search.json.mozlz4", (void 0)))
DevTools listening on ws://localhost:32843/devtools/browser/1c4e6573-9be3-48f3-95e7-fbe2557f7cf4
1661648306514	Marionette	INFO	Listening on port 43741
1661648306695	RemoteAgent	WARN	TLS certificate errors will be ignored for this session
1661648306712	RemoteAgent	INFO	Proxy settings initialised: {"proxyType":"manual","httpProxy":"127.0.0.1:42769","sslProxy":"127.0.0.1:42769"}
1661648317623	Marionette	INFO	Stopped listening on port 43741
JavaScript error: resource:///modules/Interactions.jsm, line 209: NS_ERROR_FAILURE: Component returned failure code: 0x80004005 (NS_ERROR_FAILURE) [nsIUserIdleService.removeIdleObserver]
JavaScript error: chrome://remote/content/marionette/cert.js, line 55: NS_ERROR_NOT_AVAILABLE: Component returned failure code: 0x80040111 (NS_ERROR_NOT_AVAILABLE) [nsICertOverrideService.setDisableAllSecurityChecksAndLetAttackersInterceptMyData]
!!! error running onStopped callback: TypeError: callback is not a function
1661648319179	RemoteAgent	ERROR	unable to stop listener: [Exception... "Component returned failure code: 0x8000ffff (NS_ERROR_UNEXPECTED) [nsIWindowMediator.getEnumerator]"  nsresult: "0x8000ffff (NS_ERROR_UNEXPECTED)"  location: "JS frame :: chrome://remote/content/cdp/observers/TargetObserver.jsm :: stop :: line 64"  data: no] Stack trace: stop()@TargetObserver.jsm:64
unwatchForTabs()@TargetList.jsm:70
unwatchForTargets()@TargetList.jsm:37
destructor()@TargetList.jsm:109
stop()@CDP.jsm:104
close()@RemoteAgent.jsm:138
1661648321575	geckodriver	INFO	Listening on 127.0.0.1:44755
1661648321593	mozrunner::runner	INFO	Running command: "/bin/firefox-esr" "--marionette" "--remote-debugging-port" "58099" "--remote-allow-hosts" "localhost" "-no-remote" "-profile" "/tmp/rust_mozprofileDdIQZB"
1661648322792	Marionette	INFO	Marionette enabled
console.warn: SearchSettings: "get: No settings file exists, new profile?" (new NotFoundError("Could not open the file at /tmp/rust_mozprofileDdIQZB/search.json.mozlz4", (void 0)))
DevTools listening on ws://localhost:58099/devtools/browser/3f8f780d-4f70-4722-b3c5-1e2a2d3611e6
1661648331680	Marionette	INFO	Listening on port 40347
1661648331831	RemoteAgent	WARN	TLS certificate errors will be ignored for this session
1661648331844	RemoteAgent	INFO	Proxy settings initialised: {"proxyType":"manual","httpProxy":"127.0.0.1:44789","sslProxy":"127.0.0.1:44789"}
1661648345501	Marionette	INFO	Stopped listening on port 40347
JavaScript error: resource:///modules/Interactions.jsm, line 209: NS_ERROR_FAILURE: Component returned failure code: 0x80004005 (NS_ERROR_FAILURE) [nsIUserIdleService.removeIdleObserver]
!!! error running onStopped callback: TypeError: callback is not a function
JavaScript error: chrome://remote/content/marionette/cert.js, line 55: NS_ERROR_NOT_AVAILABLE: Component returned failure code: 0x80040111 (NS_ERROR_NOT_AVAILABLE) [nsICertOverrideService.setDisableAllSecurityChecksAndLetAttackersInterceptMyData]

###!!! [Parent][RunMessage] Error: Channel closing: too late to send/recv, messages will be lost

1661648346964	RemoteAgent	ERROR	unable to stop listener: [Exception... "Component returned failure code: 0x8000ffff (NS_ERROR_UNEXPECTED) [nsIWindowMediator.getEnumerator]"  nsresult: "0x8000ffff (NS_ERROR_UNEXPECTED)"  location: "JS frame :: chrome://remote/content/cdp/observers/TargetObserver.jsm :: stop :: line 64"  data: no] Stack trace: stop()@TargetObserver.jsm:64
unwatchForTabs()@TargetList.jsm:70
unwatchForTargets()@TargetList.jsm:37
destructor()@TargetList.jsm:109
stop()@CDP.jsm:104
close()@RemoteAgent.jsm:138
1661648361289	geckodriver	INFO	Listening on 127.0.0.1:34703
1661648361809	mozrunner::runner	INFO	Running command: "/bin/firefox-esr" "--marionette" "--remote-debugging-port" "60723" "--remote-allow-hosts" "localhost" "-no-remote" "-profile" "/tmp/rust_mozprofilegCabXs"
1661648363290	Marionette	INFO	Marionette enabled
console.warn: SearchSettings: "get: No settings file exists, new profile?" (new NotFoundError("Could not open the file at /tmp/rust_mozprofilegCabXs/search.json.mozlz4", (void 0)))
DevTools listening on ws://localhost:60723/devtools/browser/2e65a52c-6e8a-46de-88d3-0dac51cd6729
1661648371268	Marionette	INFO	Listening on port 35993
1661648371505	RemoteAgent	WARN	TLS certificate errors will be ignored for this session
1661648371519	RemoteAgent	INFO	Proxy settings initialised: {"proxyType":"manual","httpProxy":"127.0.0.1:45081","sslProxy":"127.0.0.1:45081"}
1661648392980	Marionette	INFO	Stopped listening on port 35993
JavaScript error: resource:///modules/Interactions.jsm, line 209: NS_ERROR_FAILURE: Component returned failure code: 0x80004005 (NS_ERROR_FAILURE) [nsIUserIdleService.removeIdleObserver]
!!! error running onStopped callback: TypeError: callback is not a function
JavaScript error: chrome://remote/content/marionette/cert.js, line 55: NS_ERROR_NOT_AVAILABLE: Component returned failure code: 0x80040111 (NS_ERROR_NOT_AVAILABLE) [nsICertOverrideService.setDisableAllSecurityChecksAndLetAttackersInterceptMyData]

###!!! [Parent][RunMessage] Error: Channel closing: too late to send/recv, messages will be lost

1661648394694	RemoteAgent	ERROR	unable to stop listener: [Exception... "Component returned failure code: 0x8000ffff (NS_ERROR_UNEXPECTED) [nsIWindowMediator.getEnumerator]"  nsresult: "0x8000ffff (NS_ERROR_UNEXPECTED)"  location: "JS frame :: chrome://remote/content/cdp/observers/TargetObserver.jsm :: stop :: line 64"  data: no] Stack trace: stop()@TargetObserver.jsm:64
unwatchForTabs()@TargetList.jsm:70
unwatchForTargets()@TargetList.jsm:37
destructor()@TargetList.jsm:109
stop()@CDP.jsm:104
close()@RemoteAgent.jsm:138
1661648450929	geckodriver	INFO	Listening on 127.0.0.1:42753
1661648451425	mozrunner::runner	INFO	Running command: "/bin/firefox-esr" "--marionette" "--remote-debugging-port" "39849" "--remote-allow-hosts" "localhost" "-no-remote" "-profile" "/tmp/rust_mozprofile5Mya64"
1661648453420	Marionette	INFO	Marionette enabled
console.warn: SearchSettings: "get: No settings file exists, new profile?" (new NotFoundError("Could not open the file at /tmp/rust_mozprofile5Mya64/search.json.mozlz4", (void 0)))
DevTools listening on ws://localhost:39849/devtools/browser/d9264a6c-c979-4873-894c-9ffecd70c355
1661648464910	Marionette	INFO	Listening on port 42601
1661648465168	RemoteAgent	WARN	TLS certificate errors will be ignored for this session
1661648465186	RemoteAgent	INFO	Proxy settings initialised: {"proxyType":"manual","httpProxy":"127.0.0.1:40187","sslProxy":"127.0.0.1:40187"}

(firefox-esr:104398): GLib-GObject-WARNING **: 21:01:30.050: ../../../gobject/gsignal.c:3600: signal name 'load_complete' is invalid for instance '0x7f1dd3b93050' of type 'MaiAtkType139'

(firefox-esr:104398): GLib-GObject-WARNING **: 21:01:30.051: ../../../gobject/gsignal.c:3600: signal name 'load_complete' is invalid for instance '0x7f1dd3b93290' of type 'MaiAtkType139'

(firefox-esr:104398): GLib-GObject-WARNING **: 21:01:32.811: ../../../gobject/gsignal.c:3600: signal name 'load_complete' is invalid for instance '0x7f1dd32220b0' of type 'MaiAtkType139'
Exiting due to channel error.
Exiting due to channel error.
Exiting due to channel error.
1661648582797	geckodriver	INFO	Listening on 127.0.0.1:49249
1661648582830	mozrunner::runner	INFO	Running command: "/bin/firefox-esr" "--marionette" "--remote-debugging-port" "57855" "--remote-allow-hosts" "localhost" "-no-remote" "-profile" "/tmp/rust_mozprofile164dfe"
1661648585576	Marionette	INFO	Marionette enabled
console.warn: SearchSettings: "get: No settings file exists, new profile?" (new NotFoundError("Could not open the file at /tmp/rust_mozprofile164dfe/search.json.mozlz4", (void 0)))
DevTools listening on ws://localhost:57855/devtools/browser/a491b74a-8329-4c67-b1f3-9cd8e92207ac
1661648596843	Marionette	INFO	Listening on port 46805
1661648596947	RemoteAgent	WARN	TLS certificate errors will be ignored for this session
1661648596960	RemoteAgent	INFO	Proxy settings initialised: {"proxyType":"manual","httpProxy":"127.0.0.1:37219","sslProxy":"127.0.0.1:37219"}
1661648620167	Marionette	INFO	Stopped listening on port 46805
JavaScript error: resource:///modules/Interactions.jsm, line 209: NS_ERROR_FAILURE: Component returned failure code: 0x80004005 (NS_ERROR_FAILURE) [nsIUserIdleService.removeIdleObserver]
!!! error running onStopped callback: TypeError: callback is not a function
JavaScript error: chrome://remote/content/marionette/cert.js, line 55: NS_ERROR_NOT_AVAILABLE: Component returned failure code: 0x80040111 (NS_ERROR_NOT_AVAILABLE) [nsICertOverrideService.setDisableAllSecurityChecksAndLetAttackersInterceptMyData]
1661648621481	RemoteAgent	ERROR	unable to stop listener: [Exception... "Component returned failure code: 0x8000ffff (NS_ERROR_UNEXPECTED) [nsIWindowMediator.getEnumerator]"  nsresult: "0x8000ffff (NS_ERROR_UNEXPECTED)"  location: "JS frame :: chrome://remote/content/cdp/observers/TargetObserver.jsm :: stop :: line 64"  data: no] Stack trace: stop()@TargetObserver.jsm:64
unwatchForTabs()@TargetList.jsm:70
unwatchForTargets()@TargetList.jsm:37
destructor()@TargetList.jsm:109
stop()@CDP.jsm:104
close()@RemoteAgent.jsm:138
1661648652099	geckodriver	INFO	Listening on 127.0.0.1:54673
1661648652630	mozrunner::runner	INFO	Running command: "/bin/firefox-esr" "--marionette" "--remote-debugging-port" "60685" "--remote-allow-hosts" "localhost" "-no-remote" "-profile" "/tmp/rust_mozprofile6XBSmd"
1661648654517	Marionette	INFO	Marionette enabled
console.warn: SearchSettings: "get: No settings file exists, new profile?" (new NotFoundError("Could not open the file at /tmp/rust_mozprofile6XBSmd/search.json.mozlz4", (void 0)))
DevTools listening on ws://localhost:60685/devtools/browser/0e56d34f-5f9a-487e-932e-7e0ac611c64d
1661648665611	Marionette	INFO	Listening on port 40047
1661648665803	RemoteAgent	WARN	TLS certificate errors will be ignored for this session
1661648665816	RemoteAgent	INFO	Proxy settings initialised: {"proxyType":"manual","httpProxy":"127.0.0.1:44511","sslProxy":"127.0.0.1:44511"}
1661648702006	Marionette	INFO	Stopped listening on port 40047
JavaScript error: resource:///modules/Interactions.jsm, line 209: NS_ERROR_FAILURE: Component returned failure code: 0x80004005 (NS_ERROR_FAILURE) [nsIUserIdleService.removeIdleObserver]
!!! error running onStopped callback: TypeError: callback is not a function
JavaScript error: chrome://remote/content/marionette/cert.js, line 55: NS_ERROR_NOT_AVAILABLE: Component returned failure code: 0x80040111 (NS_ERROR_NOT_AVAILABLE) [nsICertOverrideService.setDisableAllSecurityChecksAndLetAttackersInterceptMyData]
1661648703504	RemoteAgent	ERROR	unable to stop listener: [Exception... "Component returned failure code: 0x8000ffff (NS_ERROR_UNEXPECTED) [nsIWindowMediator.getEnumerator]"  nsresult: "0x8000ffff (NS_ERROR_UNEXPECTED)"  location: "JS frame :: chrome://remote/content/cdp/observers/TargetObserver.jsm :: stop :: line 64"  data: no] Stack trace: stop()@TargetObserver.jsm:64
unwatchForTabs()@TargetList.jsm:70
unwatchForTargets()@TargetList.jsm:37
destructor()@TargetList.jsm:109
stop()@CDP.jsm:104
close()@RemoteAgent.jsm:138
1661648720777	geckodriver	INFO	Listening on 127.0.0.1:38449
1661648720813	mozrunner::runner	INFO	Running command: "/bin/firefox-esr" "--marionette" "--remote-debugging-port" "52261" "--remote-allow-hosts" "localhost" "-no-remote" "-profile" "/tmp/rust_mozprofileuX9NVC"
1661648722398	Marionette	INFO	Marionette enabled
console.warn: SearchSettings: "get: No settings file exists, new profile?" (new NotFoundError("Could not open the file at /tmp/rust_mozprofileuX9NVC/search.json.mozlz4", (void 0)))
DevTools listening on ws://localhost:52261/devtools/browser/382e2bbc-f931-4c86-ae40-fe5409fbc0a2
1661648732903	Marionette	INFO	Listening on port 43701
1661648733078	RemoteAgent	WARN	TLS certificate errors will be ignored for this session
1661648733090	RemoteAgent	INFO	Proxy settings initialised: {"proxyType":"manual","httpProxy":"127.0.0.1:33511","sslProxy":"127.0.0.1:33511"}

(firefox-esr:106847): GLib-GObject-WARNING **: 21:06:30.504: ../../../gobject/gsignal.c:3600: signal name 'load_complete' is invalid for instance '0x7ff94157ecb0' of type 'MaiAtkType139'

(firefox-esr:106847): GLib-GObject-WARNING **: 21:06:30.504: ../../../gobject/gsignal.c:3600: signal name 'load_complete' is invalid for instance '0x7ff94157ee30' of type 'MaiAtkType139'
1661648853997	Marionette	INFO	Stopped listening on port 43701
JavaScript error: resource:///modules/Interactions.jsm, line 209: NS_ERROR_FAILURE: Component returned failure code: 0x80004005 (NS_ERROR_FAILURE) [nsIUserIdleService.removeIdleObserver]
JavaScript error: chrome://remote/content/marionette/cert.js, line 55: NS_ERROR_NOT_AVAILABLE: Component returned failure code: 0x80040111 (NS_ERROR_NOT_AVAILABLE) [nsICertOverrideService.setDisableAllSecurityChecksAndLetAttackersInterceptMyData]
!!! error running onStopped callback: TypeError: callback is not a function
1661648858220	RemoteAgent	ERROR	unable to stop listener: [Exception... "Component returned failure code: 0x8000ffff (NS_ERROR_UNEXPECTED) [nsIWindowMediator.getEnumerator]"  nsresult: "0x8000ffff (NS_ERROR_UNEXPECTED)"  location: "JS frame :: chrome://remote/content/cdp/observers/TargetObserver.jsm :: stop :: line 64"  data: no] Stack trace: stop()@TargetObserver.jsm:64
unwatchForTabs()@TargetList.jsm:70
unwatchForTargets()@TargetList.jsm:37
destructor()@TargetList.jsm:109
stop()@CDP.jsm:104
close()@RemoteAgent.jsm:138
1661648916376	geckodriver	INFO	Listening on 127.0.0.1:58283
1661648916983	mozrunner::runner	INFO	Running command: "/bin/firefox-esr" "--marionette" "--remote-debugging-port" "46319" "--remote-allow-hosts" "localhost" "-no-remote" "-profile" "/tmp/rust_mozprofile7ZTAbF"
1661648922596	Marionette	INFO	Marionette enabled
console.warn: SearchSettings: "get: No settings file exists, new profile?" (new NotFoundError("Could not open the file at /tmp/rust_mozprofile7ZTAbF/search.json.mozlz4", (void 0)))
DevTools listening on ws://localhost:46319/devtools/browser/ff1ee3a3-3231-4aee-aebc-6ef9afbf7445
1661648930934	Marionette	INFO	Listening on port 33639
1661648931085	RemoteAgent	WARN	TLS certificate errors will be ignored for this session
1661648931098	RemoteAgent	INFO	Proxy settings initialised: {"proxyType":"manual","httpProxy":"127.0.0.1:41001","sslProxy":"127.0.0.1:41001"}
1661648948549	Marionette	INFO	Stopped listening on port 33639
JavaScript error: resource:///modules/Interactions.jsm, line 209: NS_ERROR_FAILURE: Component returned failure code: 0x80004005 (NS_ERROR_FAILURE) [nsIUserIdleService.removeIdleObserver]
JavaScript error: chrome://remote/content/marionette/cert.js, line 55: NS_ERROR_NOT_AVAILABLE: Component returned failure code: 0x80040111 (NS_ERROR_NOT_AVAILABLE) [nsICertOverrideService.setDisableAllSecurityChecksAndLetAttackersInterceptMyData]
!!! error running onStopped callback: TypeError: callback is not a function

###!!! [Parent][RunMessage] Error: Channel closing: too late to send/recv, messages will be lost

1661648949985	RemoteAgent	ERROR	unable to stop listener: [Exception... "Component returned failure code: 0x8000ffff (NS_ERROR_UNEXPECTED) [nsIWindowMediator.getEnumerator]"  nsresult: "0x8000ffff (NS_ERROR_UNEXPECTED)"  location: "JS frame :: chrome://remote/content/cdp/observers/TargetObserver.jsm :: stop :: line 64"  data: no] Stack trace: stop()@TargetObserver.jsm:64
unwatchForTabs()@TargetList.jsm:70
unwatchForTargets()@TargetList.jsm:37
destructor()@TargetList.jsm:109
stop()@CDP.jsm:104
close()@RemoteAgent.jsm:138
1661649026084	geckodriver	INFO	Listening on 127.0.0.1:32965
1661649026121	mozrunner::runner	INFO	Running command: "/bin/firefox-esr" "--marionette" "--remote-debugging-port" "56213" "--remote-allow-hosts" "localhost" "-no-remote" "-profile" "/tmp/rust_mozprofileW40xCX"
1661649028593	Marionette	INFO	Marionette enabled
console.warn: SearchSettings: "get: No settings file exists, new profile?" (new NotFoundError("Could not open the file at /tmp/rust_mozprofileW40xCX/search.json.mozlz4", (void 0)))
DevTools listening on ws://localhost:56213/devtools/browser/898a947e-9de0-4627-93f2-1f259d093a77
1661649038653	Marionette	INFO	Listening on port 34711
1661649038916	RemoteAgent	WARN	TLS certificate errors will be ignored for this session
1661649038941	RemoteAgent	INFO	Proxy settings initialised: {"proxyType":"manual","httpProxy":"127.0.0.1:34551","sslProxy":"127.0.0.1:34551"}
console.warn: ({})
console.error: "Error writing response to: querySelector"
console.error: "Error while calling actor 'domwalker's method 'querySelector'" "Component returned failure code: 0x80070057 (NS_ERROR_ILLEGAL_VALUE) [nsIEventListenerService.getListenerInfoFor]"
console.error: ({})
console.error: (new Error("Protocol error (NS_ERROR_ILLEGAL_VALUE): Component returned failure code: 0x80070057 (NS_ERROR_ILLEGAL_VALUE) [nsIEventListenerService.getListenerInfoFor] from: server0.conn0.child4/domwalker23 (resource://devtools/server/actors/inspector/event-collector.js:266:0)", "resource://devtools/shared/protocol/Front.js", 362))

(firefox-esr:109262): GLib-GObject-WARNING **: 21:10:45.880: ../../../gobject/gsignal.c:3600: signal name 'load_complete' is invalid for instance '0x7f181939eb30' of type 'MaiAtkType139'

(firefox-esr:109262): GLib-GObject-WARNING **: 21:10:45.881: ../../../gobject/gsignal.c:3600: signal name 'load_complete' is invalid for instance '0x7f181939e890' of type 'MaiAtkType139'

(firefox-esr:109262): GLib-GObject-WARNING **: 21:10:51.688: ../../../gobject/gsignal.c:3600: signal name 'load_complete' is invalid for instance '0x7f180ff2d4d0' of type 'MaiAtkType139'
1661649068969	Marionette	INFO	Stopped listening on port 34711
JavaScript error: resource:///modules/Interactions.jsm, line 209: NS_ERROR_FAILURE: Component returned failure code: 0x80004005 (NS_ERROR_FAILURE) [nsIUserIdleService.removeIdleObserver]
!!! error running onStopped callback: TypeError: callback is not a function
JavaScript error: chrome://remote/content/marionette/cert.js, line 55: NS_ERROR_NOT_AVAILABLE: Component returned failure code: 0x80040111 (NS_ERROR_NOT_AVAILABLE) [nsICertOverrideService.setDisableAllSecurityChecksAndLetAttackersInterceptMyData]

###!!! [Parent][RunMessage] Error: Channel closing: too late to send/recv, messages will be lost

1661649070902	RemoteAgent	ERROR	unable to stop listener: [Exception... "Component returned failure code: 0x8000ffff (NS_ERROR_UNEXPECTED) [nsIWindowMediator.getEnumerator]"  nsresult: "0x8000ffff (NS_ERROR_UNEXPECTED)"  location: "JS frame :: chrome://remote/content/cdp/observers/TargetObserver.jsm :: stop :: line 64"  data: no] Stack trace: stop()@TargetObserver.jsm:64
unwatchForTabs()@TargetList.jsm:70
unwatchForTargets()@TargetList.jsm:37
destructor()@TargetList.jsm:109
stop()@CDP.jsm:104
close()@RemoteAgent.jsm:138
1661650124939	geckodriver	INFO	Listening on 127.0.0.1:49809
1661650125483	mozrunner::runner	INFO	Running command: "/bin/firefox-esr" "--marionette" "--remote-debugging-port" "46511" "--remote-allow-hosts" "localhost" "-no-remote" "-profile" "/tmp/rust_mozprofilezVNCtI"
1661650126661	Marionette	INFO	Marionette enabled
console.warn: SearchSettings: "get: No settings file exists, new profile?" (new NotFoundError("Could not open the file at /tmp/rust_mozprofilezVNCtI/search.json.mozlz4", (void 0)))
DevTools listening on ws://localhost:46511/devtools/browser/afe02fda-feb4-478a-8c71-86680974f48b
1661650133439	Marionette	INFO	Listening on port 34417
1661650133555	RemoteAgent	WARN	TLS certificate errors will be ignored for this session
1661650133567	RemoteAgent	INFO	Proxy settings initialised: {"proxyType":"manual","httpProxy":"127.0.0.1:37117","sslProxy":"127.0.0.1:37117"}
1661650144373	Marionette	INFO	Stopped listening on port 34417
JavaScript error: resource:///modules/Interactions.jsm, line 209: NS_ERROR_FAILURE: Component returned failure code: 0x80004005 (NS_ERROR_FAILURE) [nsIUserIdleService.removeIdleObserver]
!!! error running onStopped callback: TypeError: callback is not a function

###!!! [Parent][RunMessage] Error: Channel closing: too late to send/recv, messages will be lost

1661650145709	RemoteAgent	ERROR	unable to stop listener: [Exception... "Component returned failure code: 0x8000ffff (NS_ERROR_UNEXPECTED) [nsIWindowMediator.getEnumerator]"  nsresult: "0x8000ffff (NS_ERROR_UNEXPECTED)"  location: "JS frame :: chrome://remote/content/cdp/observers/TargetObserver.jsm :: stop :: line 64"  data: no] Stack trace: stop()@TargetObserver.jsm:64
unwatchForTabs()@TargetList.jsm:70
unwatchForTargets()@TargetList.jsm:37
destructor()@TargetList.jsm:109
stop()@CDP.jsm:104
close()@RemoteAgent.jsm:138
1661650187529	geckodriver	INFO	Listening on 127.0.0.1:42351
1661650187547	mozrunner::runner	INFO	Running command: "/bin/firefox-esr" "--marionette" "--remote-debugging-port" "60981" "--remote-allow-hosts" "localhost" "-no-remote" "-profile" "/tmp/rust_mozprofileD56IeB"
1661650188719	Marionette	INFO	Marionette enabled
console.warn: SearchSettings: "get: No settings file exists, new profile?" (new NotFoundError("Could not open the file at /tmp/rust_mozprofileD56IeB/search.json.mozlz4", (void 0)))
DevTools listening on ws://localhost:60981/devtools/browser/957a149a-c83f-42ae-ac93-269e1519bdc4
1661650195211	Marionette	INFO	Listening on port 33957
1661650195267	RemoteAgent	WARN	TLS certificate errors will be ignored for this session
1661650195276	RemoteAgent	INFO	Proxy settings initialised: {"proxyType":"manual","httpProxy":"127.0.0.1:35377","sslProxy":"127.0.0.1:35377"}
1661650225636	geckodriver	INFO	Listening on 127.0.0.1:55575
1661650226156	mozrunner::runner	INFO	Running command: "/bin/firefox-esr" "--marionette" "--remote-debugging-port" "54333" "--remote-allow-hosts" "localhost" "-no-remote" "-profile" "/tmp/rust_mozprofileD2oS01"
1661650227310	Marionette	INFO	Marionette enabled
console.warn: SearchSettings: "get: No settings file exists, new profile?" (new NotFoundError("Could not open the file at /tmp/rust_mozprofileD2oS01/search.json.mozlz4", (void 0)))
DevTools listening on ws://localhost:54333/devtools/browser/380559aa-1b8d-4d87-8010-713b6d732aca
1661650233071	Marionette	INFO	Listening on port 40965
1661650233201	RemoteAgent	WARN	TLS certificate errors will be ignored for this session
1661650233211	RemoteAgent	INFO	Proxy settings initialised: {"proxyType":"manual","httpProxy":"127.0.0.1:38861","sslProxy":"127.0.0.1:38861"}
1661650277047	geckodriver	INFO	Listening on 127.0.0.1:58559
1661650277064	mozrunner::runner	INFO	Running command: "/bin/firefox-esr" "--marionette" "--remote-debugging-port" "54237" "--remote-allow-hosts" "localhost" "-no-remote" "-profile" "/tmp/rust_mozprofileqqXKzh"
1661650278543	Marionette	INFO	Marionette enabled
console.warn: SearchSettings: "get: No settings file exists, new profile?" (new NotFoundError("Could not open the file at /tmp/rust_mozprofileqqXKzh/search.json.mozlz4", (void 0)))
DevTools listening on ws://localhost:54237/devtools/browser/82730a07-9578-462a-b6f1-0c94731a80f3
1661650289415	Marionette	INFO	Listening on port 37247
1661650289551	RemoteAgent	WARN	TLS certificate errors will be ignored for this session
1661650289575	RemoteAgent	INFO	Proxy settings initialised: {"proxyType":"manual","httpProxy":"127.0.0.1:46749","sslProxy":"127.0.0.1:46749"}
1661650314113	Marionette	INFO	Stopped listening on port 37247
JavaScript error: resource:///modules/Interactions.jsm, line 209: NS_ERROR_FAILURE: Component returned failure code: 0x80004005 (NS_ERROR_FAILURE) [nsIUserIdleService.removeIdleObserver]
JavaScript error: chrome://remote/content/marionette/cert.js, line 55: NS_ERROR_NOT_AVAILABLE: Component returned failure code: 0x80040111 (NS_ERROR_NOT_AVAILABLE) [nsICertOverrideService.setDisableAllSecurityChecksAndLetAttackersInterceptMyData]
!!! error running onStopped callback: TypeError: callback is not a function

###!!! [Parent][RunMessage] Error: Channel closing: too late to send/recv, messages will be lost

1661650316743	RemoteAgent	ERROR	unable to stop listener: [Exception... "Component returned failure code: 0x8000ffff (NS_ERROR_UNEXPECTED) [nsIWindowMediator.getEnumerator]"  nsresult: "0x8000ffff (NS_ERROR_UNEXPECTED)"  location: "JS frame :: chrome://remote/content/cdp/observers/TargetObserver.jsm :: stop :: line 64"  data: no] Stack trace: stop()@TargetObserver.jsm:64
unwatchForTabs()@TargetList.jsm:70
unwatchForTargets()@TargetList.jsm:37
destructor()@TargetList.jsm:109
stop()@CDP.jsm:104
close()@RemoteAgent.jsm:138
1661650383029	Marionette	INFO	Stopped listening on port 40965
JavaScript error: resource:///modules/Interactions.jsm, line 209: NS_ERROR_FAILURE: Component returned failure code: 0x80004005 (NS_ERROR_FAILURE) [nsIUserIdleService.removeIdleObserver]
!!! error running onStopped callback: TypeError: callback is not a function

###!!! [Parent][RunMessage] Error: Channel closing: too late to send/recv, messages will be lost

1661650383601	RemoteAgent	ERROR	unable to stop listener: [Exception... "Component returned failure code: 0x8000ffff (NS_ERROR_UNEXPECTED) [nsIWindowMediator.getEnumerator]"  nsresult: "0x8000ffff (NS_ERROR_UNEXPECTED)"  location: "JS frame :: chrome://remote/content/cdp/observers/TargetObserver.jsm :: stop :: line 64"  data: no] Stack trace: stop()@TargetObserver.jsm:64
unwatchForTabs()@TargetList.jsm:70
unwatchForTargets()@TargetList.jsm:37
destructor()@TargetList.jsm:109
stop()@CDP.jsm:104
close()@RemoteAgent.jsm:138
1661650387699	Marionette	INFO	Stopped listening on port 33957
JavaScript error: resource:///modules/Interactions.jsm, line 209: NS_ERROR_FAILURE: Component returned failure code: 0x80004005 (NS_ERROR_FAILURE) [nsIUserIdleService.removeIdleObserver]
!!! error running onStopped callback: TypeError: callback is not a function
1661650390111	RemoteAgent	ERROR	unable to stop listener: [Exception... "Component returned failure code: 0x8000ffff (NS_ERROR_UNEXPECTED) [nsIWindowMediator.getEnumerator]"  nsresult: "0x8000ffff (NS_ERROR_UNEXPECTED)"  location: "JS frame :: chrome://remote/content/cdp/observers/TargetObserver.jsm :: stop :: line 64"  data: no] Stack trace: stop()@TargetObserver.jsm:64
unwatchForTabs()@TargetList.jsm:70
unwatchForTargets()@TargetList.jsm:37
destructor()@TargetList.jsm:109
stop()@CDP.jsm:104
close()@RemoteAgent.jsm:138
1661652362349	geckodriver	INFO	Listening on 127.0.0.1:60857
1661652362885	mozrunner::runner	INFO	Running command: "/bin/firefox-esr" "--marionette" "--remote-debugging-port" "46253" "--remote-allow-hosts" "localhost" "-no-remote" "-profile" "/tmp/rust_mozprofileyStuqM"
1661652364082	Marionette	INFO	Marionette enabled
console.warn: SearchSettings: "get: No settings file exists, new profile?" (new NotFoundError("Could not open the file at /tmp/rust_mozprofileyStuqM/search.json.mozlz4", (void 0)))
DevTools listening on ws://localhost:46253/devtools/browser/1f08b1b3-4e52-4e1e-8bdf-c52ea59c8c77
1661652371297	Marionette	INFO	Listening on port 36747
1661652371416	RemoteAgent	WARN	TLS certificate errors will be ignored for this session
1661652371440	RemoteAgent	INFO	Proxy settings initialised: {"proxyType":"manual","httpProxy":"127.0.0.1:45795","sslProxy":"127.0.0.1:45795"}
console.error: Region.jsm: "Error fetching region" (new Error("TIMEOUT", "resource://gre/modules/Region.jsm", 772))
console.error: Region.jsm: "Failed to fetch region" (new Error("TIMEOUT", "resource://gre/modules/Region.jsm", 419))
1661652425099	Marionette	INFO	Stopped listening on port 36747
JavaScript error: resource:///modules/Interactions.jsm, line 209: NS_ERROR_FAILURE: Component returned failure code: 0x80004005 (NS_ERROR_FAILURE) [nsIUserIdleService.removeIdleObserver]
JavaScript error: chrome://remote/content/marionette/cert.js, line 55: NS_ERROR_NOT_AVAILABLE: Component returned failure code: 0x80040111 (NS_ERROR_NOT_AVAILABLE) [nsICertOverrideService.setDisableAllSecurityChecksAndLetAttackersInterceptMyData]
!!! error running onStopped callback: TypeError: callback is not a function
1661652426532	RemoteAgent	ERROR	unable to stop listener: [Exception... "Component returned failure code: 0x8000ffff (NS_ERROR_UNEXPECTED) [nsIWindowMediator.getEnumerator]"  nsresult: "0x8000ffff (NS_ERROR_UNEXPECTED)"  location: "JS frame :: chrome://remote/content/cdp/observers/TargetObserver.jsm :: stop :: line 64"  data: no] Stack trace: stop()@TargetObserver.jsm:64
unwatchForTabs()@TargetList.jsm:70
unwatchForTargets()@TargetList.jsm:37
destructor()@TargetList.jsm:109
stop()@CDP.jsm:104
close()@RemoteAgent.jsm:138
1661652432918	geckodriver	INFO	Listening on 127.0.0.1:37115
1661652432946	mozrunner::runner	INFO	Running command: "/bin/firefox-esr" "--marionette" "--remote-debugging-port" "53823" "--remote-allow-hosts" "localhost" "-no-remote" "-profile" "/tmp/rust_mozprofilegcW4re"
1661652434857	Marionette	INFO	Marionette enabled
console.warn: SearchSettings: "get: No settings file exists, new profile?" (new NotFoundError("Could not open the file at /tmp/rust_mozprofilegcW4re/search.json.mozlz4", (void 0)))
DevTools listening on ws://localhost:53823/devtools/browser/ad73cf52-53cc-455d-9447-ac8ca0636e7c
1661652442197	Marionette	INFO	Listening on port 39033
1661652442366	RemoteAgent	WARN	TLS certificate errors will be ignored for this session
1661652442378	RemoteAgent	INFO	Proxy settings initialised: {"proxyType":"manual","httpProxy":"127.0.0.1:45479","sslProxy":"127.0.0.1:45479"}
1661652459569	Marionette	INFO	Stopped listening on port 39033
JavaScript error: resource:///modules/Interactions.jsm, line 209: NS_ERROR_FAILURE: Component returned failure code: 0x80004005 (NS_ERROR_FAILURE) [nsIUserIdleService.removeIdleObserver]
!!! error running onStopped callback: TypeError: callback is not a function
JavaScript error: chrome://remote/content/marionette/cert.js, line 55: NS_ERROR_NOT_AVAILABLE: Component returned failure code: 0x80040111 (NS_ERROR_NOT_AVAILABLE) [nsICertOverrideService.setDisableAllSecurityChecksAndLetAttackersInterceptMyData]
1661652460920	RemoteAgent	ERROR	unable to stop listener: [Exception... "Component returned failure code: 0x8000ffff (NS_ERROR_UNEXPECTED) [nsIWindowMediator.getEnumerator]"  nsresult: "0x8000ffff (NS_ERROR_UNEXPECTED)"  location: "JS frame :: chrome://remote/content/cdp/observers/TargetObserver.jsm :: stop :: line 64"  data: no] Stack trace: stop()@TargetObserver.jsm:64
unwatchForTabs()@TargetList.jsm:70
unwatchForTargets()@TargetList.jsm:37
destructor()@TargetList.jsm:109
stop()@CDP.jsm:104
close()@RemoteAgent.jsm:138
1661686014452	geckodriver	INFO	Listening on 127.0.0.1:35731
1661686014832	mozrunner::runner	INFO	Running command: "/opt/firefox/firefox" "--marionette" "--remote-debugging-port" "39209" "--remote-allow-hosts" "localhost" "-no-remote" "-profile" "/tmp/rust_mozprofilelVrfj9"
1661686031758	Marionette	INFO	Marionette enabled
1661686031869	Marionette	INFO	Listening on port 46409
WebDriver BiDi listening on ws://localhost:39209
Read port: 46409
Read port: 46409
Read port: 46409
1661686034978	RemoteAgent	WARN	TLS certificate errors will be ignored for this session
1661686035172	RemoteAgent	INFO	Proxy settings initialised: {"proxyType":"manual","httpProxy":"127.0.0.1:39527","sslProxy":"127.0.0.1:39527"}
console.warn: SearchSettings: "get: No settings file exists, new profile?" (new NotFoundError("Could not open the file at /tmp/rust_mozprofilelVrfj9/search.json.mozlz4", (void 0)))
DevTools listening on ws://localhost:39209/devtools/browser/c11a770c-9d94-4b61-997a-5844ff448783
JavaScript error: , line 0: NotFoundError: No such JSWindowActor 'DevToolsFrame'
JavaScript error: , line 0: NotFoundError: No such JSWindowActor 'DevToolsFrame'
1661686448471	Marionette	INFO	Stopped listening on port 46409
JavaScript error: , line 0: AbortError: The operation was aborted. 
console.warn: TopSitesFeed: Failed to fetch data from Contile server: NetworkError when attempting to fetch resource.
1661686845541	geckodriver	INFO	Listening on 127.0.0.1:55241
1661686879637	geckodriver	INFO	Listening on 127.0.0.1:41885
1661686929318	geckodriver	INFO	Listening on 127.0.0.1:46817
1661686929859	mozrunner::runner	INFO	Running command: "/opt/firefox/firefox" "--marionette" "--remote-debugging-port" "39005" "--remote-allow-hosts" "localhost" "-no-remote" "-profile" "/tmp/rust_mozprofileK2hjfv"
1661686934251	Marionette	INFO	Marionette enabled
1661686934273	Marionette	INFO	Listening on port 43281
WebDriver BiDi listening on ws://localhost:39005
Read port: 43281
1661686934722	RemoteAgent	WARN	TLS certificate errors will be ignored for this session
1661686934797	RemoteAgent	INFO	Proxy settings initialised: {"proxyType":"manual","httpProxy":"127.0.0.1:38629","sslProxy":"127.0.0.1:38629"}
console.warn: SearchSettings: "get: No settings file exists, new profile?" (new NotFoundError("Could not open the file at /tmp/rust_mozprofileK2hjfv/search.json.mozlz4", (void 0)))
DevTools listening on ws://localhost:39005/devtools/browser/181f0340-0292-440f-84b0-59b8ba42e836
JavaScript error: resource://gre/modules/AsyncShutdown.jsm, line 576: NotFoundError: No such JSWindowActor 'DevToolsFrame'
JavaScript error: resource://gre/modules/AsyncShutdown.jsm, line 576: NotFoundError: No such JSWindowActor 'DevToolsFrame'
1661687014793	Marionette	INFO	Stopped listening on port 43281
JavaScript error: , line 0: AbortError: The operation was aborted. 
1661687164507	geckodriver	INFO	Listening on 127.0.0.1:58679
1661687165023	mozrunner::runner	INFO	Running command: "/opt/firefox/firefox" "--marionette" "--remote-debugging-port" "47405" "--remote-allow-hosts" "localhost" "-no-remote" "-profile" "/tmp/rust_mozprofilec4tIbq"
1661687167619	Marionette	INFO	Marionette enabled
1661687167629	Marionette	INFO	Listening on port 36589
WebDriver BiDi listening on ws://localhost:47405
Read port: 36589
1661687167955	RemoteAgent	WARN	TLS certificate errors will be ignored for this session
1661687168015	RemoteAgent	INFO	Proxy settings initialised: {"proxyType":"manual","httpProxy":"127.0.0.1:36079","sslProxy":"127.0.0.1:36079"}
console.warn: SearchSettings: "get: No settings file exists, new profile?" (new NotFoundError("Could not open the file at /tmp/rust_mozprofilec4tIbq/search.json.mozlz4", (void 0)))
DevTools listening on ws://localhost:47405/devtools/browser/fb893b81-95d5-4e36-afbe-0fc2777ab493
Exiting due to channel error.
Exiting due to channel error.
Exiting due to channel error.
1661687247063	geckodriver	INFO	Listening on 127.0.0.1:42849
1661687247093	mozrunner::runner	INFO	Running command: "/opt/firefox/firefox" "--marionette" "--remote-debugging-port" "54185" "--remote-allow-hosts" "localhost" "-no-remote" "-profile" "/tmp/rust_mozprofilezk9voE"
1661687251008	Marionette	INFO	Marionette enabled
1661687251017	Marionette	INFO	Listening on port 36887
Read port: 36887
WebDriver BiDi listening on ws://localhost:54185
1661687251562	RemoteAgent	WARN	TLS certificate errors will be ignored for this session
1661687251627	RemoteAgent	INFO	Proxy settings initialised: {"proxyType":"manual","httpProxy":"127.0.0.1:42483","sslProxy":"127.0.0.1:42483"}
console.warn: SearchSettings: "get: No settings file exists, new profile?" (new NotFoundError("Could not open the file at /tmp/rust_mozprofilezk9voE/search.json.mozlz4", (void 0)))
DevTools listening on ws://localhost:54185/devtools/browser/f44b8ff6-71d6-43fd-b628-1e079f01c72e
JavaScript error: resource://gre/modules/AsyncShutdown.jsm, line 576: NotFoundError: No such JSWindowActor 'DevToolsFrame'
1661687447341	Marionette	INFO	Stopped listening on port 36887
1661688097247	geckodriver	INFO	Listening on 127.0.0.1:51331
1661688097341	mozrunner::runner	INFO	Running command: "/opt/firefox/firefox" "--marionette" "--remote-debugging-port" "58571" "--remote-allow-hosts" "localhost" "-no-remote" "-profile" "/tmp/rust_mozprofileeXeT0H"
1661688108279	Marionette	INFO	Marionette enabled
1661688108346	Marionette	INFO	Listening on port 39119
WebDriver BiDi listening on ws://localhost:58571
Read port: 39119
Read port: 39119
1661688109834	RemoteAgent	WARN	TLS certificate errors will be ignored for this session
1661688109982	RemoteAgent	INFO	Proxy settings initialised: {"proxyType":"manual","httpProxy":"127.0.0.1:37541","sslProxy":"127.0.0.1:37541"}
console.warn: SearchSettings: "get: No settings file exists, new profile?" (new NotFoundError("Could not open the file at /tmp/rust_mozprofileeXeT0H/search.json.mozlz4", (void 0)))
DevTools listening on ws://localhost:58571/devtools/browser/ebc1ad87-1884-4443-b9d7-5399053cfd6e
JavaScript error: resource://gre/modules/AsyncShutdown.jsm, line 576: NotFoundError: No such JSWindowActor 'DevToolsFrame'
1661688604192	Marionette	INFO	Stopped listening on port 39119
1661688675359	geckodriver	INFO	Listening on 127.0.0.1:42643
1661688675909	mozrunner::runner	INFO	Running command: "/opt/firefox/firefox" "--marionette" "--remote-debugging-port" "54843" "--remote-allow-hosts" "localhost" "-no-remote" "-profile" "/tmp/rust_mozprofileTXrDFf"
1661688683800	Marionette	INFO	Marionette enabled
1661688683810	Marionette	INFO	Listening on port 38737
WebDriver BiDi listening on ws://localhost:54843
Read port: 38737
1661688684285	RemoteAgent	WARN	TLS certificate errors will be ignored for this session
1661688684365	RemoteAgent	INFO	Proxy settings initialised: {"proxyType":"manual","httpProxy":"127.0.0.1:43121","sslProxy":"127.0.0.1:43121"}
console.warn: SearchSettings: "get: No settings file exists, new profile?" (new NotFoundError("Could not open the file at /tmp/rust_mozprofileTXrDFf/search.json.mozlz4", (void 0)))
DevTools listening on ws://localhost:54843/devtools/browser/86492ab8-982c-4aad-b5cf-810f2817f43e
JavaScript error: , line 0: AbortError: The operation was aborted. 
console.error: "Unable to find target with innerWindowId:4294967298"
console.error: "Unable to find target with innerWindowId:4294967298"
console.error: "Unable to find target with innerWindowId:4294967298"
console.error: "Unable to find target with innerWindowId:4294967298"
console.warn: ({})
console.warn: LoginRecipes: "Falling back to a synchronous message for: https://accounts.google.com."
libEGL warning: DRI2: failed to authenticate
ATTENTION: default value of option mesa_glthread overridden by environment.
JavaScript warning: https://accounts.google.com/v3/signin/identifier?dsh=S-502943435%3A1661688854942913&continue=https%3A%2F%2Fmyaccount.google.com%3Futm_source%3Daccount-marketing-page%26utm_medium%3Dgo-to-account-button&service=accountsettings&flowName=GlifWebSignIn&flowEntry=ServiceLogin&ifkv=AQN2RmWn6X5Pd-nge38jA2mbXYl_5dynGM3tze_mXvNJ4ufDT9p1w5wCw8eun8sSgs8PgC8hOXtaCg line 704 > injectedScript line 2 > eval line 683 > eval line 1 > eval line 1 > eval, line 1: WEBGL_debug_renderer_info is deprecated in Firefox and will be removed. Please use RENDERER.
libEGL warning: DRI2: failed to authenticate
ATTENTION: default value of option mesa_glthread overridden by environment.
JavaScript warning: https://accounts.google.com/v3/signin/identifier?dsh=S-502943435%3A1661688854942913&continue=https%3A%2F%2Fmyaccount.google.com%3Futm_source%3Daccount-marketing-page%26utm_medium%3Dgo-to-account-button&service=accountsettings&flowName=GlifWebSignIn&flowEntry=ServiceLogin&ifkv=AQN2RmWn6X5Pd-nge38jA2mbXYl_5dynGM3tze_mXvNJ4ufDT9p1w5wCw8eun8sSgs8PgC8hOXtaCg line 704 > injectedScript line 2 > eval line 683 > eval line 1 > eval line 1 > eval, line 1: WEBGL_debug_renderer_info is deprecated in Firefox and will be removed. Please use RENDERER.
JavaScript error: , line 0: NotFoundError: No such JSWindowActor 'DevToolsFrame'
JavaScript error: , line 0: NotFoundError: No such JSWindowActor 'DevToolsFrame'
JavaScript error: , line 0: NotFoundError: No such JSWindowActor 'DevToolsFrame'
JavaScript warning: https://accounts.google.com/v3/signin/identifier?dsh=S-502943435%3A1661688854942913&continue=https%3A%2F%2Fmyaccount.google.com%3Futm_source%3Daccount-marketing-page%26utm_medium%3Dgo-to-account-button&service=accountsettings&flowName=GlifWebSignIn&flowEntry=ServiceLogin&ifkv=AQN2RmWn6X5Pd-nge38jA2mbXYl_5dynGM3tze_mXvNJ4ufDT9p1w5wCw8eun8sSgs8PgC8hOXtaCg line 704 > injectedScript line 2 > eval line 683 > eval line 1 > eval line 1 > eval, line 1: WEBGL_debug_renderer_info is deprecated in Firefox and will be removed. Please use RENDERER.
JavaScript warning: https://accounts.google.com/v3/signin/identifier?dsh=S-502943435%3A1661688854942913&continue=https%3A%2F%2Fmyaccount.google.com%3Futm_source%3Daccount-marketing-page%26utm_medium%3Dgo-to-account-button&service=accountsettings&flowName=GlifWebSignIn&flowEntry=ServiceLogin&ifkv=AQN2RmWn6X5Pd-nge38jA2mbXYl_5dynGM3tze_mXvNJ4ufDT9p1w5wCw8eun8sSgs8PgC8hOXtaCg line 704 > injectedScript line 2 > eval line 683 > eval line 1 > eval line 1 > eval, line 1: WEBGL_debug_renderer_info is deprecated in Firefox and will be removed. Please use RENDERER.
JavaScript warning: https://accounts.google.com/v3/signin/identifier?dsh=S-502943435%3A1661688854942913&continue=https%3A%2F%2Fmyaccount.google.com%3Futm_source%3Daccount-marketing-page%26utm_medium%3Dgo-to-account-button&service=accountsettings&flowName=GlifWebSignIn&flowEntry=ServiceLogin&ifkv=AQN2RmWn6X5Pd-nge38jA2mbXYl_5dynGM3tze_mXvNJ4ufDT9p1w5wCw8eun8sSgs8PgC8hOXtaCg line 704 > injectedScript line 2 > eval line 683 > eval line 1 > eval line 1 > eval, line 1: WEBGL_debug_renderer_info is deprecated in Firefox and will be removed. Please use RENDERER.
JavaScript warning: https://accounts.google.com/v3/signin/identifier?dsh=S-502943435%3A1661688854942913&continue=https%3A%2F%2Fmyaccount.google.com%3Futm_source%3Daccount-marketing-page%26utm_medium%3Dgo-to-account-button&service=accountsettings&flowName=GlifWebSignIn&flowEntry=ServiceLogin&ifkv=AQN2RmWn6X5Pd-nge38jA2mbXYl_5dynGM3tze_mXvNJ4ufDT9p1w5wCw8eun8sSgs8PgC8hOXtaCg line 704 > injectedScript line 2 > eval line 683 > eval line 1 > eval line 1 > eval, line 1: WEBGL_debug_renderer_info is deprecated in Firefox and will be removed. Please use RENDERER.
libEGL warning: DRI2: failed to authenticate
ATTENTION: default value of option mesa_glthread overridden by environment.
JavaScript warning: https://accounts.google.com/v3/signin/identifier?dsh=S-502943435%3A1661688854942913&continue=https%3A%2F%2Fmyaccount.google.com%3Futm_source%3Daccount-marketing-page%26utm_medium%3Dgo-to-account-button&service=accountsettings&flowName=GlifWebSignIn&flowEntry=ServiceLogin&ifkv=AQN2RmWn6X5Pd-nge38jA2mbXYl_5dynGM3tze_mXvNJ4ufDT9p1w5wCw8eun8sSgs8PgC8hOXtaCg line 704 > injectedScript line 2 > eval line 1684 > eval line 1 > eval line 1 > eval, line 1: WEBGL_debug_renderer_info is deprecated in Firefox and will be removed. Please use RENDERER.
libEGL warning: DRI2: failed to authenticate
ATTENTION: default value of option mesa_glthread overridden by environment.
JavaScript warning: https://accounts.google.com/v3/signin/identifier?dsh=S-502943435%3A1661688854942913&continue=https%3A%2F%2Fmyaccount.google.com%3Futm_source%3Daccount-marketing-page%26utm_medium%3Dgo-to-account-button&service=accountsettings&flowName=GlifWebSignIn&flowEntry=ServiceLogin&ifkv=AQN2RmWn6X5Pd-nge38jA2mbXYl_5dynGM3tze_mXvNJ4ufDT9p1w5wCw8eun8sSgs8PgC8hOXtaCg line 704 > injectedScript line 2 > eval line 1684 > eval line 1 > eval line 1 > eval, line 1: WEBGL_debug_renderer_info is deprecated in Firefox and will be removed. Please use RENDERER.
JavaScript warning: https://accounts.google.com/v3/signin/identifier?dsh=S-502943435%3A1661688854942913&continue=https%3A%2F%2Fmyaccount.google.com%3Futm_source%3Daccount-marketing-page%26utm_medium%3Dgo-to-account-button&service=accountsettings&flowName=GlifWebSignIn&flowEntry=ServiceLogin&ifkv=AQN2RmWn6X5Pd-nge38jA2mbXYl_5dynGM3tze_mXvNJ4ufDT9p1w5wCw8eun8sSgs8PgC8hOXtaCg line 704 > injectedScript line 2 > eval line 1684 > eval line 1 > eval line 1 > eval, line 1: WEBGL_debug_renderer_info is deprecated in Firefox and will be removed. Please use RENDERER.
JavaScript warning: https://accounts.google.com/v3/signin/identifier?dsh=S-502943435%3A1661688854942913&continue=https%3A%2F%2Fmyaccount.google.com%3Futm_source%3Daccount-marketing-page%26utm_medium%3Dgo-to-account-button&service=accountsettings&flowName=GlifWebSignIn&flowEntry=ServiceLogin&ifkv=AQN2RmWn6X5Pd-nge38jA2mbXYl_5dynGM3tze_mXvNJ4ufDT9p1w5wCw8eun8sSgs8PgC8hOXtaCg line 704 > injectedScript line 2 > eval line 1684 > eval line 1 > eval line 1 > eval, line 1: WEBGL_debug_renderer_info is deprecated in Firefox and will be removed. Please use RENDERER.
console.warn: LoginRecipes: "Falling back to a synchronous message for: https://accounts.google.com."
[Child 18488, MediaDecoderStateMachine #1] WARNING: Decoder=7fc1778dd100 state=DECODING_METADATA Decode metadata failed, shutting down decoder: file /builds/worker/checkouts/gecko/dom/media/MediaDecoderStateMachine.cpp:370
[Child 18488, MediaDecoderStateMachine #1] WARNING: Decoder=7fc1778dd100 Decode error: NS_ERROR_DOM_MEDIA_METADATA_ERR (0x806e0006) - static MP4Metadata::ResultAndByteBuffer mozilla::MP4Metadata::Metadata(mozilla::ByteStream *): Cannot parse metadata: file /builds/worker/checkouts/gecko/dom/media/MediaDecoderStateMachineBase.cpp:151
[Child 18488, MediaDecoderStateMachine #1] WARNING: Decoder=7fc177f44000 state=DECODING_METADATA Decode metadata failed, shutting down decoder: file /builds/worker/checkouts/gecko/dom/media/MediaDecoderStateMachine.cpp:370
[Child 18488, MediaDecoderStateMachine #1] WARNING: Decoder=7fc177f44000 Decode error: NS_ERROR_DOM_MEDIA_METADATA_ERR (0x806e0006) - static MP4Metadata::ResultAndByteBuffer mozilla::MP4Metadata::Metadata(mozilla::ByteStream *): Cannot parse metadata: file /builds/worker/checkouts/gecko/dom/media/MediaDecoderStateMachineBase.cpp:151
[Child 18488, MediaDecoderStateMachine #1] WARNING: Decoder=7fc178e99a00 state=DECODING_METADATA Decode metadata failed, shutting down decoder: file /builds/worker/checkouts/gecko/dom/media/MediaDecoderStateMachine.cpp:370
[Child 18488, MediaDecoderStateMachine #1] WARNING: Decoder=7fc178e99a00 Decode error: NS_ERROR_DOM_MEDIA_METADATA_ERR (0x806e0006): file /builds/worker/checkouts/gecko/dom/media/MediaDecoderStateMachineBase.cpp:151
[Child 18488, MediaDecoderStateMachine #1] WARNING: Decoder=7fc18090ed00 state=DECODING_METADATA Decode metadata failed, shutting down decoder: file /builds/worker/checkouts/gecko/dom/media/MediaDecoderStateMachine.cpp:370
[Child 18488, MediaDecoderStateMachine #1] WARNING: Decoder=7fc18090ed00 Decode error: NS_ERROR_DOM_MEDIA_METADATA_ERR (0x806e0006): file /builds/worker/checkouts/gecko/dom/media/MediaDecoderStateMachineBase.cpp:151
[Child 18488, MediaDecoderStateMachine #1] WARNING: Decoder=7fc1778de600 state=DECODING_METADATA Decode metadata failed, shutting down decoder: file /builds/worker/checkouts/gecko/dom/media/MediaDecoderStateMachine.cpp:370
[Child 18488, MediaDecoderStateMachine #1] WARNING: Decoder=7fc1778de600 Decode error: NS_ERROR_DOM_MEDIA_METADATA_ERR (0x806e0006) - static MP4Metadata::ResultAndByteBuffer mozilla::MP4Metadata::Metadata(mozilla::ByteStream *): Cannot parse metadata: file /builds/worker/checkouts/gecko/dom/media/MediaDecoderStateMachineBase.cpp:151
[Child 18488, MediaDecoderStateMachine #1] WARNING: Decoder=7fc177f44600 state=DECODING_METADATA Decode metadata failed, shutting down decoder: file /builds/worker/checkouts/gecko/dom/media/MediaDecoderStateMachine.cpp:370
[Child 18488, MediaDecoderStateMachine #1] WARNING: Decoder=7fc177f44600 Decode error: NS_ERROR_DOM_MEDIA_METADATA_ERR (0x806e0006) - static MP4Metadata::ResultAndByteBuffer mozilla::MP4Metadata::Metadata(mozilla::ByteStream *): Cannot parse metadata: file /builds/worker/checkouts/gecko/dom/media/MediaDecoderStateMachineBase.cpp:151
[Child 18488, MediaDecoderStateMachine #1] WARNING: Decoder=7fc1778dec00 state=DECODING_METADATA Decode metadata failed, shutting down decoder: file /builds/worker/checkouts/gecko/dom/media/MediaDecoderStateMachine.cpp:370
[Child 18488, MediaDecoderStateMachine #1] WARNING: Decoder=7fc1778dec00 Decode error: NS_ERROR_DOM_MEDIA_METADATA_ERR (0x806e0006) - static MP4Metadata::ResultAndByteBuffer mozilla::MP4Metadata::Metadata(mozilla::ByteStream *): Cannot parse metadata: file /builds/worker/checkouts/gecko/dom/media/MediaDecoderStateMachineBase.cpp:151
1661689691050	Marionette	INFO	Stopped listening on port 38737
console.warn: TopSitesFeed: Failed to fetch data from Contile server: NetworkError when attempting to fetch resource.
1661689724304	geckodriver	INFO	Listening on 127.0.0.1:55161
1661689724822	mozrunner::runner	INFO	Running command: "/opt/firefox/firefox" "--marionette" "--remote-debugging-port" "45753" "--remote-allow-hosts" "localhost" "-no-remote" "-profile" "/tmp/rust_mozprofilebDwnkM"
1661689730375	Marionette	INFO	Marionette enabled
1661689730394	Marionette	INFO	Listening on port 37221
WebDriver BiDi listening on ws://localhost:45753
Read port: 37221
1661689731005	RemoteAgent	WARN	TLS certificate errors will be ignored for this session
1661689731153	RemoteAgent	INFO	Proxy settings initialised: {"proxyType":"manual","httpProxy":"127.0.0.1:40955","sslProxy":"127.0.0.1:40955"}
console.warn: SearchSettings: "get: No settings file exists, new profile?" (new NotFoundError("Could not open the file at /tmp/rust_mozprofilebDwnkM/search.json.mozlz4", (void 0)))
DevTools listening on ws://localhost:45753/devtools/browser/84e126e1-7be7-4a28-a906-f1b8e3987007
console.warn: LoginRecipes: "Falling back to a synchronous message for: https://accounts.google.com."
console.warn: LoginRecipes: "Falling back to a synchronous message for: https://accounts.google.com."
libEGL warning: DRI2: failed to authenticate
ATTENTION: default value of option mesa_glthread overridden by environment.
JavaScript warning: https://accounts.google.com/ServiceLogin?service=accountsettings&continue=https://myaccount.google.com%3Futm_source%3Daccount-marketing-page%26utm_medium%3Dgo-to-account-button line 2 > eval line 7693 > eval line 1 > eval line 1 > eval, line 1: WEBGL_debug_renderer_info is deprecated in Firefox and will be removed. Please use RENDERER.
console.warn: LoginRecipes: "Falling back to a synchronous message for: https://accounts.google.com."
libEGL warning: DRI2: failed to authenticate
ATTENTION: default value of option mesa_glthread overridden by environment.
JavaScript warning: https://accounts.google.com/ServiceLogin?service=accountsettings&continue=https://myaccount.google.com%3Futm_source%3Daccount-marketing-page%26utm_medium%3Dgo-to-account-button line 2 > eval line 2431 > eval line 1 > eval line 1 > eval, line 1: WEBGL_debug_renderer_info is deprecated in Firefox and will be removed. Please use RENDERER.
JavaScript error: resource://gre/modules/AsyncShutdown.jsm, line 576: NotFoundError: No such JSWindowActor 'DevToolsFrame'
JavaScript error: resource://gre/modules/AsyncShutdown.jsm, line 576: NotFoundError: No such JSWindowActor 'DevToolsFrame'
JavaScript error: resource://gre/modules/AsyncShutdown.jsm, line 576: NotFoundError: No such JSWindowActor 'DevToolsFrame'
JavaScript error: resource://gre/modules/AsyncShutdown.jsm, line 576: NotFoundError: No such JSWindowActor 'DevToolsFrame'
1661689960889	Marionette	INFO	Stopped listening on port 37221
